<?xml version="1.0" encoding="UTF-8"?>
<metadata xml:lang="en"><Esri><CreaDate>20190108</CreaDate><CreaTime>14412600</CreaTime><ArcGISFormat>1.0</ArcGISFormat><SyncOnce>TRUE</SyncOnce><RematchLocator>USA_LocalComposite<Category Locator="Review">Address</Category><Description Locator="Review">Geocode addresses against multiple address locators.</Description><AdditionalReverseOutputs Locator="Review">CountryCode,USA</AdditionalReverseOutputs><BuildVersion Locator="Review">$Revision: 25$</BuildVersion><BuildVersionDate Locator="Review">$Date: 9/23/2014 3:02:09 AM$</BuildVersionDate><CL.AddressPoint.Enabled Locator="Review">TRUE</CL.AddressPoint.Enabled><CL.AddressPoint.Input Locator="Review">Address</CL.AddressPoint.Input><CL.AddressPoint.Input Locator="Review">City</CL.AddressPoint.Input><CL.AddressPoint.Input Locator="Review">State</CL.AddressPoint.Input><CL.AddressPoint.Input Locator="Review">ZIP_Code</CL.AddressPoint.Input><CL.AddressPoint.LocWks Locator="Review">Type=Database;Wks=(ProgID = esriDataSourcesFile.ShapefileWorkspaceFactory.1; Path = .)</CL.AddressPoint.LocWks><CL.AddressPoint.Name Locator="Review">USA_PointAddress</CL.AddressPoint.Name><CL.AddressPoint.Select Locator="Review">::</CL.AddressPoint.Select><CL.AdminPlaces.Enabled Locator="Review">TRUE</CL.AdminPlaces.Enabled><CL.AdminPlaces.Input Locator="Review">City</CL.AdminPlaces.Input><CL.AdminPlaces.Input Locator="Review">State</CL.AdminPlaces.Input><CL.AdminPlaces.LocWks Locator="Review">Type=Database;Wks=(ProgID = esriDataSourcesFile.ShapefileWorkspaceFactory.1; Path = .)</CL.AdminPlaces.LocWks><CL.AdminPlaces.Name Locator="Review">USA_AdminPlaces</CL.AdminPlaces.Name><CL.AdminPlaces.NumThreads Locator="Review">1</CL.AdminPlaces.NumThreads><CL.AdminPlaces.Select Locator="Review">::</CL.AdminPlaces.Select><CL.Locator Locator="Review">AddressPoint</CL.Locator><CL.Locator Locator="Review">StreetAddress</CL.Locator><CL.Locator Locator="Review">NameStreet</CL.Locator><CL.Locator Locator="Review">Zipcode</CL.Locator><CL.Locator Locator="Review">PlacesAdmin</CL.Locator><CL.NameStreet.Enabled Locator="Review">TRUE</CL.NameStreet.Enabled><CL.NameStreet.Input Locator="Review">Address</CL.NameStreet.Input><CL.NameStreet.Input Locator="Review">City</CL.NameStreet.Input><CL.NameStreet.Input Locator="Review">State</CL.NameStreet.Input><CL.NameStreet.Input Locator="Review">ZIP_Code</CL.NameStreet.Input><CL.NameStreet.LocWks Locator="Review">Type=Database;Wks=(ProgID = esriDataSourcesFile.ShapefileWorkspaceFactory.1; Path = .)</CL.NameStreet.LocWks><CL.NameStreet.Name Locator="Review">USA_StreetName</CL.NameStreet.Name><CL.NameStreet.Select Locator="Review">::</CL.NameStreet.Select><CL.PlacesAdmin.Enabled Locator="Review">TRUE</CL.PlacesAdmin.Enabled><CL.PlacesAdmin.Input Locator="Review">City</CL.PlacesAdmin.Input><CL.PlacesAdmin.Input Locator="Review">State</CL.PlacesAdmin.Input><CL.PlacesAdmin.LocWks Locator="Review">Type=Database;Wks=(ProgID = esriDataSourcesFile.ShapefileWorkspaceFactory.1; Path = .)</CL.PlacesAdmin.LocWks><CL.PlacesAdmin.Name Locator="Review">USA_AdminPlaces</CL.PlacesAdmin.Name><CL.PlacesAdmin.Select Locator="Review">::</CL.PlacesAdmin.Select><CL.PointAddress.Enabled Locator="Review">TRUE</CL.PointAddress.Enabled><CL.PointAddress.Input Locator="Review">Address</CL.PointAddress.Input><CL.PointAddress.Input Locator="Review">City</CL.PointAddress.Input><CL.PointAddress.Input Locator="Review">State</CL.PointAddress.Input><CL.PointAddress.Input Locator="Review">ZIP_Code</CL.PointAddress.Input><CL.PointAddress.LocWks Locator="Review">Type=Database;Wks=(ProgID = esriDataSourcesFile.ShapefileWorkspaceFactory.1; Path = .)</CL.PointAddress.LocWks><CL.PointAddress.Name Locator="Review">USA_PointAddress</CL.PointAddress.Name><CL.PointAddress.NumThreads Locator="Review">2</CL.PointAddress.NumThreads><CL.PointAddress.Select Locator="Review">::</CL.PointAddress.Select><CL.Postal.Enabled Locator="Review">TRUE</CL.Postal.Enabled><CL.Postal.Input Locator="Review">ZIP_Code</CL.Postal.Input><CL.Postal.LocWks Locator="Review">Type=Database;Wks=(ProgID = esriDataSourcesFile.ShapefileWorkspaceFactory.1; Path = .)</CL.Postal.LocWks><CL.Postal.Name Locator="Review">USA_Postal</CL.Postal.Name><CL.Postal.NumThreads Locator="Review">1</CL.Postal.NumThreads><CL.Postal.Select Locator="Review">::</CL.Postal.Select><CL.PostalExt.Enabled Locator="Review">TRUE</CL.PostalExt.Enabled><CL.PostalExt.Input Locator="Review">Postal</CL.PostalExt.Input><CL.PostalExt.Input Locator="Review">PostalExt</CL.PostalExt.Input><CL.PostalExt.LocWks Locator="Review">Type=Database;Wks=(ProgID = esriDataSourcesFile.ShapefileWorkspaceFactory.1; Path = .)</CL.PostalExt.LocWks><CL.PostalExt.Name Locator="Review">USA_PostalExt</CL.PostalExt.Name><CL.PostalExt.NumThreads Locator="Review">1</CL.PostalExt.NumThreads><CL.PostalExt.Select Locator="Review">::</CL.PostalExt.Select><CL.SkipBadLocators Locator="Review">FALSE</CL.SkipBadLocators><CL.SR Locator="Review">ByDescr</CL.SR><CL.SR.Descr Locator="Review">GEOGCS["GCS_WGS_1984",DATUM["D_WGS_1984",SPHEROID["WGS_1984",6378137.0,298.257223563]],PRIMEM["Greenwich",0.0],UNIT["Degree",0.0174532925199433]]</CL.SR.Descr><CL.SR.Domain Locator="Review">-400.000000,-400.000000,8099972.863184,8099972.863184</CL.SR.Domain><CL.StreetAddress.Enabled Locator="Review">TRUE</CL.StreetAddress.Enabled><CL.StreetAddress.Input Locator="Review">Address</CL.StreetAddress.Input><CL.StreetAddress.Input Locator="Review">City</CL.StreetAddress.Input><CL.StreetAddress.Input Locator="Review">State</CL.StreetAddress.Input><CL.StreetAddress.Input Locator="Review">ZIP_Code</CL.StreetAddress.Input><CL.StreetAddress.LocWks Locator="Review">Type=Database;Wks=(ProgID = esriDataSourcesFile.ShapefileWorkspaceFactory.1; Path = .)</CL.StreetAddress.LocWks><CL.StreetAddress.Name Locator="Review">USA_StreetAddress</CL.StreetAddress.Name><CL.StreetAddress.NumThreads Locator="Review">2</CL.StreetAddress.NumThreads><CL.StreetAddress.Select Locator="Review">::</CL.StreetAddress.Select><CL.StreetName.Enabled Locator="Review">TRUE</CL.StreetName.Enabled><CL.StreetName.Input Locator="Review">Address</CL.StreetName.Input><CL.StreetName.Input Locator="Review">City</CL.StreetName.Input><CL.StreetName.Input Locator="Review">State</CL.StreetName.Input><CL.StreetName.Input Locator="Review">ZIP_Code</CL.StreetName.Input><CL.StreetName.LocWks Locator="Review">Type=Database;Wks=(ProgID = esriDataSourcesFile.ShapefileWorkspaceFactory.1; Path = .)</CL.StreetName.LocWks><CL.StreetName.Name Locator="Review">USA_StreetName</CL.StreetName.Name><CL.StreetName.NumThreads Locator="Review">2</CL.StreetName.NumThreads><CL.StreetName.Select Locator="Review">::</CL.StreetName.Select><CL.Zipcode.Enabled Locator="Review">TRUE</CL.Zipcode.Enabled><CL.Zipcode.Input Locator="Review">ZIP_Code</CL.Zipcode.Input><CL.Zipcode.LocWks Locator="Review">Type=Database;Wks=(ProgID = esriDataSourcesFile.ShapefileWorkspaceFactory.1; Path = .)</CL.Zipcode.LocWks><CL.Zipcode.Name Locator="Review">USA_Postal</CL.Zipcode.Name><CL.Zipcode.Select Locator="Review">::</CL.Zipcode.Select><CLSID Locator="Review">{29B85A89-D2CE-4aeb-BC3F-661A3D2C296E}</CLSID><FieldAliases Locator="Review">Address</FieldAliases><FieldAliases Locator="Review">City</FieldAliases><FieldAliases Locator="Review">State</FieldAliases><FieldAliases Locator="Review">ZIP_Code</FieldAliases><FieldNames.0 Locator="Review">Address</FieldNames.0><FieldNames.0 Locator="Review">Street</FieldNames.0><FieldNames.0 Locator="Review">Street Address</FieldNames.0><FieldNames.1 Locator="Review">City</FieldNames.1><FieldNames.1 Locator="Review">Town</FieldNames.1><FieldNames.1 Locator="Review">Village</FieldNames.1><FieldNames.1 Locator="Review">Borough</FieldNames.1><FieldNames.2 Locator="Review">State</FieldNames.2><FieldNames.2 Locator="Review">Region</FieldNames.2><FieldNames.3 Locator="Review">ZIP_Code</FieldNames.3><FieldNames.3 Locator="Review">ZIP Code</FieldNames.3><FieldNames.3 Locator="Review">ZIP</FieldNames.3><FieldNames.3 Locator="Review">ZIP5</FieldNames.3><FieldNames.3 Locator="Review">Zipcode</FieldNames.3><FieldNames.3 Locator="Review">Postal Code</FieldNames.3><FieldNames.3 Locator="Review">Postal</FieldNames.3><FieldNames.3 Locator="Review">Postcode</FieldNames.3><FieldNames.4 Locator="Review">ZIP_Code</FieldNames.4><FieldNames.5 Locator="Review">PostalExt</FieldNames.5><Fields Locator="Review">Address</Fields><Fields Locator="Review">City</Fields><Fields Locator="Review">State</Fields><Fields Locator="Review">ZIP_Code</Fields><FieldSizes Locator="Review">100</FieldSizes><FieldSizes Locator="Review">100</FieldSizes><FieldSizes Locator="Review">75</FieldSizes><FieldSizes Locator="Review">15</FieldSizes><FieldsRequired Locator="Review">FALSE</FieldsRequired><FieldsRequired Locator="Review">FALSE</FieldsRequired><FieldsRequired Locator="Review">FALSE</FieldsRequired><FieldsRequired Locator="Review">FALSE</FieldsRequired><IntersectionConnectors Locator="Review">&amp; @ | and</IntersectionConnectors><LocatorWorkspaceString Locator="Review">ProgID = esriDataSourcesFile.ShapefileWorkspaceFactory.1; Path = ..\..\..\..\Geocoding Data</LocatorWorkspaceString><LocFileUseUTF8 Locator="Review">True</LocFileUseUTF8><RebuildStartTime Locator="Review">129754279896090000</RebuildStartTime><RebuildStartTimeAscii Locator="Review">1:33:09 PM</RebuildStartTimeAscii><RuntimeMemoryLimit Locator="Review">2048 MB</RuntimeMemoryLimit><SafeLocatorName Locator="Review">USA_LocalComposite</SafeLocatorName><SingleLineField Locator="Review">SingleLine</SingleLineField><SingleLineFieldAlias Locator="Review">Single Line Input</SingleLineFieldAlias><SingleLineFieldNames Locator="Review">Address</SingleLineFieldNames><SingleLineFieldNames Locator="Review">SingleLine</SingleLineFieldNames><SingleLineFieldNames Locator="Review">FullAddress</SingleLineFieldNames><SingleLineFieldNames Locator="Review">Customer</SingleLineFieldNames><SingleLineFieldSize Locator="Review">100</SingleLineFieldSize><UICLSID Locator="Review">{3D486637-6BCF-4A0C-83DB-A02D437FB8FC}</UICLSID><UseMultithreading Locator="Review">False</UseMultithreading><UseRelativePaths Locator="Review">True</UseRelativePaths><Version Locator="Review">10.0</Version><WritePercentAlongField Locator="Review">FALSE</WritePercentAlongField><WriteReferenceIDField Locator="Review">FALSE</WriteReferenceIDField><WriteStandardizedAddressField Locator="Review">FALSE</WriteStandardizedAddressField><WriteXYCoordFields Locator="Review">TRUE</WriteXYCoordFields><InTable Locator="Review">::</InTable><InKeyColumns Locator="Review">::</InKeyColumns><InColumns Locator="Review">ARC_Addres</InColumns><InColumns Locator="Review">ARC_City</InColumns><InColumns Locator="Review">ARC_State</InColumns><InColumns Locator="Review">ARC_ZIP_Co</InColumns><OutTable Locator="Review">::</OutTable><OutKeyColumns Locator="Review">::</OutKeyColumns><OutColumns Locator="Review">Loc_name</OutColumns><OutColumns Locator="Review">Shape</OutColumns><OutColumns Locator="Review">Status</OutColumns><OutColumns Locator="Review">Score</OutColumns><OutColumns Locator="Review">Match_addr</OutColumns><OutColumns Locator="Review">Side</OutColumns><OutColumns Locator="Review">StAddr</OutColumns><OutColumns Locator="Review">AddNum</OutColumns><OutColumns Locator="Review">StPreDir</OutColumns><OutColumns Locator="Review">StPreType</OutColumns><OutColumns Locator="Review">StName</OutColumns><OutColumns Locator="Review">StType</OutColumns><OutColumns Locator="Review">StDir</OutColumns><OutColumns Locator="Review">City</OutColumns><OutColumns Locator="Review">Region</OutColumns><OutColumns Locator="Review">RegionAbbr</OutColumns><OutColumns Locator="Review">Postal</OutColumns><OutColumns Locator="Review">Country</OutColumns><OutColumns Locator="Review">LangCode</OutColumns><OutColumns Locator="Review">Addr_type</OutColumns><OutColumns Locator="Review">Distance</OutColumns><OutColumns Locator="Review">X</OutColumns><OutColumns Locator="Review">Y</OutColumns><OutColumns Locator="Review">DisplayX</OutColumns><OutColumns Locator="Review">DisplayY</OutColumns><OutColumns Locator="Review">Xmin</OutColumns><OutColumns Locator="Review">Xmax</OutColumns><OutColumns Locator="Review">Ymin</OutColumns><OutColumns Locator="Review">Ymax</OutColumns><OutColumns Locator="Review">AddNumFrom</OutColumns><OutColumns Locator="Review">AddNumTo</OutColumns><OutColumns Locator="Review">Rank</OutColumns></RematchLocator></Esri></metadata>
