OID,AREA,PERIMETER,COUNTY_,COUNTY_ID,COUNTY,CNTYKEY,POPREC,BIGNAME,NAME,FIPS,ED_REG,NAME_1,areaname,periodyear,stfips,areatype,area_1,empYear,avg_estabY,totwageYea,avgwkwageY,Tot_pop,pop_16u,lab_force,armed_for,civilian,emplyd,unemplyd,not_labor,ce_jobs,Med_earn,avg_earn,lq,ce_per_w,ce_per_c,ce_jobs_12,civ_employ,creative_e,Tot_pop_12,lab_forc_2,ce_jobs_13,Med_earn_2,avg_earn_2,ce_per_w_1,ce_per_c_2,pop_med_ea,avgwages,avgworkers,Cewage_avg_dif,counties_c,currency,avg_cewages
0,4595800000,390261.031,2,1,077,40,40,Lake of the Woods,Lake of the Woods,77,2,Lake of the Woods,Lake of the Woods County,2014,27,4,77,1584,172,"$45,069,981.00",$547.00,3976,3320,2064,0,2064,1986,78,1256,49,$16.61,$17.02,0.68,24.8,12.4,25,2045,350,3976,2064,49,$17.00,$17.00,25,12,26169,12.58,42.12244898,$4.42,1,$,$12.58125
1,2861200000,263162.25,3,1,069,36,36,Kittson,Kittson,69,1,Kittson,Kittson County,2014,27,4,69,1485,187,"$52,925,890.00",$685.00,4501,3617,2243,0,2243,2180,63,1374,59,$16.60,$17.06,0.62,27,13.1,27,2240,295,4501,2243,59,$17.00,$17.00,27,13,29004,13.94,38.01694915,$3.06,1,$,$13.94423077
2,4348300000,302758.188,4,1,135,69,69,Roseau,Roseau,135,1,Roseau,Roseau County,2014,27,4,135,8911,440,"$397,014,213.00",$856.00,15545,12220,8626,2,8624,8329,295,3594,185,$17.38,$17.82,0.49,22.2,11.9,22,8360,1260,15545,8626,185,$17.00,$18.00,22,12,31768,15.27,46.62702703,$1.73,1,$,$15.27307692
3,8163700000,412808.188,5,1,071,37,37,Koochiching,Koochiching,71,3,Koochiching,Koochiching County,2014,27,4,71,4766,414,"$177,266,007.00",$715.00,13138,10852,6359,0,6359,5887,472,4493,90,$16.85,$17.29,0.54,15.3,6.9,15,5970,880,13138,6359,90,$17.00,$17.00,15,7,25741,12.38,70.65555556,$4.62,1,$,$12.37548077
4,17492000000,679764.688,6,1,137,70,70,St Louis,St Louis,137,3,St Louis,Saint Louis County,2014,27,4,137,96349,5245,$0.00,$804.00,200563,166296,103194,204,102990,94870,8120,63102,2732,$17.48,$18.34,0.95,28.8,13.6,14,94740,20650,200563,103194,2732,$17.00,$18.00,29,14,26104,12.55,37.77232796,$4.45,1,$,$12.55
5,4698500000,374288.125,7,1,089,46,46,Marshall,Marshall,89,1,Marshall,Marshall County,2014,27,4,89,2378,308,"$92,054,726.00",$743.00,5486,3969,2439,0,2439,2190,249,1530,93,$16.57,$16.99,0.63,42.3,16.9,42,4795,855,9447,5020,209,$17.00,$18.00,44,22,31509,15.15,24.01913876,$1.85,1,$,$15.14855769
6,7911800000,429474.781,8,1,007,5,5,Beltrami,Beltrami,7,2,Beltrami,Beltrami County,2014,27,4,7,18783,1181,"$678,959,948.00",$695.00,45236,35131,22868,7,22861,20340,2521,12263,588,$16.81,$17.37,0.8,28.9,13,29,20255,4065,45236,22868,588,$17.00,$17.00,29,13,23443,11.27,38.89115646,$5.73,1,$,$11.27067308
7,4159200000,413645.219,9,1,031,17,17,Cook,Cook,31,3,Cook,Cook County,2014,27,4,31,2790,293,"$81,652,947.00",$564.00,5197,4507,2928,0,2928,2795,133,1579,151,$16.58,$16.96,1.14,53.8,29,54,2745,795,5197,2928,151,$17.00,$17.00,54,29,25784,12.40,19.39072848,$4.60,1,$,$12.39615385
8,5178400000,458850.375,10,1,119,61,61,Polk,Polk,119,1,Polk,Polk County,2014,27,4,119,12234,965,"$435,761,580.00",$684.00,31630,25028,16540,36,16504,15671,833,8488,286,$18.82,$19.45,0.63,18.2,9,18,15770,2810,31630,16540,286,$19.00,$19.00,18,9,29938,14.39,57.83216783,$4.61,1,$,$14.39326923
9,1602200000,190068.453,11,1,113,58,58,Pennington,Pennington,113,1,Pennington,Pennington County,2014,27,4,113,10288,420,"$419,549,592.00",$783.00,14041,11055,7807,0,7807,7514,293,3248,243,$16.28,$16.79,0.66,32.3,17.3,32,7470,1610,14041,7807,243,$16.00,$17.00,32,17,28658,13.78,32.12757202,$2.22,1,$,$13.77788462
10,5927300000,415171.219,12,1,075,39,39,Lake,Lake,75,3,Lake,Lake County,2014,27,4,75,4305,311,"$178,061,559.00",$796.00,10791,9062,5121,0,5121,4837,284,3941,168,$16.66,$16.92,0.84,34.7,15.5,35,5340,965,10791,5121,168,$17.00,$17.00,35,16,30688,14.75,30.48214286,$2.25,1,$,$14.75384615
11,2667100000,257085.172,13,1,029,16,16,Clearwater,Clearwater,29,2,Clearwater,Clearwater County,2014,27,4,29,2607,217,"$96,730,832.00",$711.00,8735,6813,3913,0,3913,3549,364,2900,93,$17.65,$18.00,0.7,26.2,10.6,26,3745,575,8735,3913,93,$18.00,$18.00,26,11,26604,12.79,42.07526882,$5.21,1,$,$12.79038462
12,1120800000,160748.891,25,1,125,64,64,Red Lake,Red Lake,125,1,Red Lake,Red Lake County,2014,27,4,125,1029,128,"$32,128,120.00",$599.00,4071,3171,2204,0,2204,2094,110,967,14,$18.38,$19.00,0.33,6.5,3.3,6,2120,465,4071,2204,14,$18.00,$19.00,6,3,29796,14.33,157.4285714,$3.68,1,$,$14.325
13,7577100000,436630.094,27,1,061,32,32,Itasca,Itasca,61,3,Itasca,Itasca County,2014,27,4,61,15994,1180,"$612,066,775.00",$735.00,45303,36757,21507,0,21507,19785,1722,15250,418,$16.85,$17.29,0.68,21.1,9.2,21,19770,3735,45303,21507,418,$17.00,$17.00,21,9,25168,12.10,51.45215311,$4.90,1,$,$12.1
14,2272900000,246291.016,29,1,107,55,55,Norman,Norman,107,1,Norman,Norman County,2014,27,4,107,1680,241,"$55,473,458.00",$634.00,6725,5388,3343,2,3341,3174,167,2045,78,$17.34,$17.81,0.84,24.5,11.6,24,3290,460,6725,3343,78,$17.00,$18.00,24,12,28429,13.67,42.85897436,$3.33,1,$,$13.66778846
15,1510400000,155514.922,30,1,087,45,45,Mahnomen,Mahnomen,87,2,Mahnomen,Mahnomen County,2014,27,4,87,1912,115,"$60,191,766.00",$605.00,36172,28317,19672,13,19659,18670,989,8645,38,$16.07,$16.54,0.44,2,1.1,2,2260,280,5486,2439,93,$17.00,$17.00,42,17,25610,12.31,26.22580645,$4.69,1,$,$12.3125
16,6249400000,463400.094,31,1,021,12,12,Cass,Cass,21,5,Cass,Cass County,2014,27,4,21,9981,825,"$272,729,670.00",$526.00,28499,23084,13254,9,13245,12114,1131,9830,631,$17.43,$17.72,0.95,52.1,22.1,52,12360,2610,28499,13254,631,$17.00,$18.00,52,22,25403,12.21,21.00475436,$4.79,1,$,$12.21298077
17,2587600000,214848.797,32,1,057,30,30,Hubbard,Hubbard,57,2,Hubbard,Hubbard County,2014,27,4,57,5767,591,"$189,167,903.00",$631.00,20518,16712,10008,2,10006,9482,524,6704,170,$16.73,$17.25,0.75,17.9,8.3,18,8950,1820,20518,10008,170,$17.00,$17.00,18,8,25773,12.39,58.87058824,$4.61,1,$,$12.39086538
18,2729100000,284155.719,39,1,027,15,15,Clay,Clay,27,4,Clay,Clay County,2014,27,4,27,18455,1315,"$670,443,898.00",$698.00,60249,47682,34339,55,34284,32598,1686,13343,755,$17.77,$18.30,0.97,23.1,12.5,23,31025,6885,60249,34339,755,$18.00,$18.00,23,13,29233,14.05,45.48211921,$3.95,1,$,$14.05432692
19,3743600000,253762.562,40,1,005,4,4,Becker,Becker,5,4,Becker,Becker County,2014,27,4,5,13888,1027,"$485,988,851.00",$673.00,32971,25793,16416,6,16410,15668,742,9377,513,$19.65,$20.11,0.73,32.7,15.6,33,15890,3015,32971,16416,513,$20.00,$20.00,33,16,28963,13.92,32,$6.08,1,$,$13.92451923
20,5163800000,309991.406,42,1,001,2,2,Aitkin,Aitkin,1,3,Aitkin,Aitkin County,2014,27,4,1,3735,435,"$117,380,412.00",$604.00,15964,13510,7114,7,7107,6531,576,6396,165,$16.93,$17.31,0.8,25.3,10.3,25,6815,1295,15964,7114,165,$17.00,$17.00,25,10,24268,11.67,43.11515152,$5.33,1,$,$11.66730769
21,1406000000,165592.234,44,1,159,81,81,Wadena,Wadena,159,5,Wadena,Wadena County,2014,27,4,159,5752,427,"$203,699,115.00",$681.00,13754,10840,6122,2,6120,5793,327,4718,105,$17.17,$17.78,0.57,18,7.6,18,5995,925,13754,6122,105,$17.00,$18.00,18,8,24651,11.85,58.3047619,$5.15,1,$,$11.85144231
22,2993600000,241383.406,45,1,035,19,19,Crow Wing,Crow Wing,35,5,Crow Wing,Crow Wing County,2014,27,4,35,28233,2070,"$995,256,519.00",$678.00,62900,50407,31227,149,31078,28675,2403,19180,659,$18.79,$19.47,0.68,23,10.5,23,28630,6200,62900,31227,659,$19.00,$19.00,23,10,26689,12.83,47.38543247,$6.17,1,$,$12.83125
23,2265000000,194820.203,46,1,017,10,10,Carlton,Carlton,17,3,Carlton,Carlton County,2014,27,4,17,13670,742,"$541,564,407.00",$761.00,35430,28059,17309,50,17259,16103,1156,10750,376,$16.88,$17.56,0.7,23.4,10.6,23,16325,3040,35430,17309,376,$17.00,$18.00,23,11,29667,14.26,46.03457447,$2.74,1,$,$14.26298077
24,5764000000,310566.281,47,1,111,57,57,Otter Tail,Otter Tail,111,4,Otter Tail,Otter Tail County,2014,27,4,111,22338,1754,"$779,927,265.00",$671.00,57417,46636,29165,13,29152,27638,1514,17471,588,$17.61,$18.19,0.56,21.3,10.2,21,27675,5245,57417,29165,588,$18.00,$18.00,21,10,29875,14.36,49.60034014,$3.64,1,$,$14.36298077
25,1948500000,271566,48,1,167,85,85,Wilkin,Wilkin,167,4,Wilkin,Wilkin County,2014,27,4,167,2010,209,"$72,490,157.00",$693.00,6561,5177,3502,0,3502,3393,109,1675,67,$18.90,$19.38,0.59,19.8,10.2,20,3305,505,6561,3502,67,$19.00,$19.00,20,10,31245,15.02,52.26865672,$3.98,1,$,$15.02163462
26,3712500000,274004.312,49,1,115,59,59,Pine,Pine,115,7E,Pine,Pine County,2014,27,4,115,8065,606,"$230,540,130.00",$549.00,29347,23916,14149,3,14146,12937,1209,9767,188,$16.84,$17.22,0.6,14.6,6.4,15,13135,2165,29347,14149,188,$17.00,$17.00,15,6,24698,11.87,75.2606383,$5.13,1,$,$11.87403846
27,2535800000,212622.453,50,1,153,78,78,Todd,Todd,153,5,Todd,Todd County,2014,27,4,153,6001,556,"$200,312,635.00",$642.00,24588,19350,12085,4,12081,11320,761,7265,178,$17.08,$17.58,0.52,15.8,7.3,16,11765,1390,24588,12085,178,$17.00,$18.00,16,7,27561,13.25,67.89325843,$3.75,1,$,$13.25048077
28,2985400000,285333.812,51,1,097,50,50,Morrison,Morrison,97,5,Morrison,Morrison County,2014,27,4,97,10575,939,"$344,031,415.00",$625.00,33054,26034,17629,4,17625,16327,1298,8405,395,$17.99,$18.54,0.81,24.2,11.9,24,16030,2175,33054,17629,395,$18.00,$19.00,24,12,29055,13.97,44.63037975,$4.03,1,$,$13.96875
29,1764400000,210913.578,52,1,095,49,49,Mille Lacs,Mille Lacs,95,7E,Mille Lacs,Mille Lacs County,2014,27,4,95,9581,690,"$298,806,988.00",$599.00,25891,20094,12834,3,12831,11745,1086,7260,200,$17.96,$18.44,0.53,17.1,7.7,17,12145,1890,25891,12834,200,$18.00,$18.00,17,8,28179,13.55,64.17,$4.45,1,$,$13.54759615
30,1380400000,165756.969,53,1,065,34,34,Kanabec,Kanabec,65,7E,Kanabec,Kanabec County,2014,27,4,65,3765,294,"$129,295,530.00",$660.00,16084,12913,8089,4,8085,7174,911,4824,170,$16.88,$17.21,0.79,23.7,10.6,24,7490,1125,16084,8089,170,$17.00,$17.00,24,11,26970,12.97,47.58235294,$4.03,1,$,$12.96634615
31,1490500000,156088.547,54,1,051,27,27,Grant,Grant,51,4,Grant,Grant County,2014,27,4,51,1928,250,"$66,112,891.00",$658.00,5977,4850,3119,0,3119,2961,158,1731,79,$16.58,$17.11,0.67,26.6,13.2,27,2955,530,5977,3119,79,$17.00,$17.00,27,13,30151,14.50,39.48101266,$2.50,1,$,$14.49567308
32,1864800000,175203.188,55,1,041,22,22,Douglas,Douglas,41,4,Douglas,Douglas County,2014,27,4,41,17977,1336,"$687,201,227.00",$735.00,36413,29515,19480,14,19466,18462,1004,10035,508,$17.54,$18.12,0.68,27.5,14,28,18320,4275,36413,19480,508,$18.00,$18.00,28,14,29898,14.37,38.34645669,$3.63,1,$,$14.37403846
33,1519100000,179582.359,56,1,155,79,79,Traverse,Traverse,155,4,Traverse,Traverse County,2014,27,4,155,1055,142,"$34,482,225.00",$628.00,3455,2844,1707,0,1707,1661,46,1137,37,$17.21,$17.67,0.61,22.1,10.6,22,1770,230,3455,1707,37,$17.00,$18.00,22,11,27425,13.19,46.13513514,$3.81,1,$,$13.18509615
34,1069000000,147053.938,57,1,009,6,6,Benton,Benton,9,7W,Benton,Benton County,2014,27,4,9,17185,929,"$613,163,109.00",$686.00,38980,30263,21442,6,21436,19701,1735,8821,853,$17.39,$18.16,0.92,43.3,21.9,43,20135,3740,38980,21442,853,$17.00,$18.00,43,22,30940,14.88,25.13716295,$2.13,1,$,$14.875
35,1490600000,156252.922,58,1,149,76,76,Stevens,Stevens,149,4,Stevens,Stevens County,2014,27,4,149,5341,353,"$219,843,068.00",$790.00,9748,7929,5379,0,5379,5145,234,2550,112,$16.41,$17.04,0.57,21.8,11.5,22,4905,1085,9748,5379,112,$16.00,$17.00,22,11,23627,11.36,48.02678571,$4.64,1,$,$11.35913462
36,3598400000,280222.688,59,1,145,74,74,Stearns,Stearns,145,7W,Stearns,Stearns County,2014,27,4,145,82976,4234,$0.00,$790.00,151728,120610,87205,52,87153,81665,5488,33405,1862,$18.35,$19.43,0.71,22.8,12.3,23,79870,15515,151728,87205,1862,$18.00,$19.00,23,12,28114,13.52,46.83404941,$4.48,1,$,$13.51634615
37,1857900000,175076.594,60,1,121,62,62,Pope,Pope,121,4,Pope,Pope County,2014,27,4,121,4195,341,"$161,983,998.00",$741.00,10946,8903,5686,0,5686,5422,264,3217,167,$16.76,$17.18,0.72,30.9,15.3,31,5650,1085,10946,5686,167,$17.00,$17.00,31,15,30371,14.60,34.04790419,$2.40,1,$,$14.60144231
38,1169400000,147589.625,61,1,059,31,31,Isanti,Isanti,59,7E,Isanti,Isanti County,2014,27,4,59,10902,763,"$401,637,276.00",$708.00,38190,29667,20976,23,20953,19346,1607,8691,639,$17.72,$18.33,0.93,33,16.7,33,18455,3745,38190,20976,639,$18.00,$18.00,33,17,31601,15.19,32.82629108,$2.81,1,$,$15.19278846
39,1145100000,169348.562,62,1,025,14,14,Chisago,Chisago,25,7E,Chisago,Chisago County,2014,27,4,25,14251,1114,"$514,446,690.00",$693.00,53798,42215,29193,24,29169,27429,1740,13022,512,$18.41,$19.17,0.82,18.7,9.5,19,26510,5625,53798,29193,512,$18.00,$19.00,19,10,35666,17.15,57.01757813,$0.85,1,$,$17.14711538
40,1368500000,196105.844,63,1,011,7,7,Big Stone,Big Stone,11,6W,Big Stone,Big Stone County,2014,27,4,11,1756,205,"$59,354,369.00",$649.00,5180,4235,2536,1,2535,2453,82,1699,58,$16.47,$17.07,0.63,23.7,11.2,24,2445,325,5180,2536,58,$16.00,$17.00,24,11,30864,14.84,43.72413793,$1.16,1,$,$14.83846154
41,1167200000,163845.062,64,1,141,72,72,Sherburne,Sherburne,141,7W,Sherburne,Sherburne County,2014,27,4,141,25845,1859,"$1,024,234,872.00",$761.00,89770,67220,49583,0,49583,46526,3057,17637,835,$18.42,$19.29,0.79,17.9,9.3,22,44655,10295,89770,49583,835,$18.00,$19.00,18,9,36289,17.45,59.38083832,$0.55,1,$,$17.44663462
42,1949100000,193467.094,65,1,151,77,77,Swift,Swift,151,6W,Swift,Swift County,2014,27,4,151,3499,329,"$123,506,709.00",$678.00,9602,7823,5193,0,5193,4975,218,2630,78,$15.96,$16.61,0.59,15.6,8.1,16,4700,755,9602,5193,78,$16.00,$17.00,16,8,30118,14.48,66.57692308,$1.52,1,$,$14.47980769
43,2232000000,194165.906,66,1,067,35,35,Kandiyohi,Kandiyohi,67,6E,Kandiyohi,Kandiyohi County,2014,27,4,67,22812,1343,"$802,450,808.00",$676.00,42316,33501,23145,11,23134,21693,1441,10356,528,$18.33,$19.15,0.62,24.4,12.5,24,21900,4080,42316,23145,528,$18.00,$19.00,24,12,27762,13.35,43.83522727,$4.65,1,$,$13.34711538
44,1849000000,220004.109,67,1,171,87,87,Wright,Wright,171,7W,Wright,Wright County,2014,27,4,171,38795,3012,"$1,478,922,536.00",$732.00,127386,93690,71058,64,70994,67021,3973,22632,1295,$18.29,$19.09,0.76,19.3,10.2,19,64310,16520,127386,71058,1295,$18.00,$19.00,19,10,38468,18.49,54.87104247,-$0.49,0,$,$18.49423077
45,1154900000,153804.359,68,1,003,3,3,Anoka,Anoka,3,11,Anoka,Anoka County,2014,27,4,3,116843,6885,$0.00,$918.00,336316,262119,192597,152,192445,178642,13803,69522,4620,$18.08,$18.86,0.93,25.9,13.7,26,175685,46900,336316,192597,4620,$18.00,$19.00,26,14,38396,18.46,41.68766234,-$0.46,0,$,$18.45961538
46,1670000000,176401.688,70,1,093,48,48,Meeker,Meeker,93,6E,Meeker,Meeker County,2014,27,4,93,7008,586,"$238,272,319.00",$653.00,23147,18089,12141,0,12141,11423,718,5948,328,$16.50,$16.97,0.83,28.7,14.1,29,11550,1855,23147,12141,328,$17.00,$17.00,29,14,31155,14.98,37.0152439,$2.02,1,$,$14.97836538
47,2016500000,221394.172,71,1,073,38,38,Lac qui Parle,Lac qui Parle,73,6W,Lac qui Parle,Lac qui Parle County,2014,27,4,73,2288,224,"$75,943,009.00",$638.00,7096,5835,3613,2,3611,3461,150,2222,103,$16.27,$16.79,0.76,29.8,14.6,30,3640,585,7096,3613,103,$16.00,$17.00,30,15,28681,13.79,35.0776699,$2.21,1,$,$13.78894231
48,1095100000,175485.5,72,1,163,83,83,Washington,Washington,163,11,Washington,Washington County,2014,27,4,163,76684,5281,$0.00,$810.00,244103,188788,135984,151,135833,128308,7525,52804,3043,$19.59,$20.45,0.97,23.7,12.5,24,123575,40815,244103,135984,3043,$20.00,$20.00,24,12,41534,19.97,44.68747946,$0.03,1,$,$19.96826923
49,1569300000,189684.734,73,1,053,28,28,Hennepin,Hennepin,53,11,Hennepin,Hennepin County,2014,27,4,53,866057,37761,$0.00,"$1,229.00",1184091,946185,681820,384,681436,633747,47689,264365,39399,$24.29,$25.48,1.32,62.2,33.3,62,614325,215220,1184091,681820,39399,$24.00,$25.00,62,33,37402,17.98,17.30551537,$6.02,1,$,$17.98173077
50,1522800000,221826.906,74,1,023,13,13,Chippewa,Chippewa,23,6W,Chippewa,Chippewa County,2014,27,4,23,5694,422,"$197,515,462.00",$667.00,12235,9803,6611,9,6602,6365,237,3192,196,$17.31,$17.95,0.74,30.8,16,31,6255,1075,12235,6611,196,$17.00,$18.00,31,16,26916,12.94,33.72959184,$4.06,1,$,$12.94038462
51,440270000,93875.852,75,1,123,63,63,Ramsey,Ramsey,123,11,Ramsey,Ramsey County,2014,27,4,123,323276,13221,$0.00,"$1,114.00",521265,413165,283798,126,283672,261376,22296,129367,13219,$21.43,$22.71,1.31,50.6,25.4,51,255265,78070,521265,283798,13219,$21.00,$23.00,51,25,31858,15.32,21.46894621,$5.68,1,$,$15.31634615
52,1308900000,155386.562,76,1,085,44,44,McLeod,McLeod,85,6E,McLeod,McLeod County,2014,27,4,85,16762,975,"$685,567,008.00",$786.00,20515,16570,10875,2,10873,10392,481,5695,405,$16.94,$17.66,0.68,39,19.8,39,19050,3970,36172,19672,38,$16.00,$17.00,2,1,31357,15.08,517.6842105,$0.92,1,$,$15.07548077
53,973530000,156227.625,77,1,019,11,11,Carver,Carver,19,11,Carver,Carver County,2014,27,4,19,36410,2260,"$1,793,325,363.00",$947.00,94212,70237,53443,0,53443,50888,2555,16794,2296,$20.00,$20.84,1.41,45.1,24.4,45,48275,16705,94212,53443,2296,$20.00,$21.00,45,24,42400,20.38,23.27656794,-$0.38,0,$,$20.38461538
54,1978100000,267103.188,78,1,173,88,88,Yellow Medicine,Yellow Medicine,173,6W,Yellow Medicine,Yellow Medicine County,2014,27,4,173,4073,342,"$138,957,644.00",$656.00,10233,8176,5312,5,5307,5119,188,2864,75,$16.88,$17.71,0.46,14.7,7.3,15,5255,805,10233,5312,75,$17.00,$18.00,15,7,28750,13.82,70.82666667,$3.18,1,$,$13.82211538
55,1517400000,187966.438,79,1,037,20,20,Dakota,Dakota,37,11,Dakota,Dakota County,2014,27,4,37,180775,9586,$0.00,$956.00,405521,314309,234096,212,233884,220143,13741,80213,8364,$20.74,$21.66,1.12,38,20.6,38,215670,66755,405521,234096,8364,$21.00,$22.00,38,21,40355,19.40,27.98852224,$1.60,1,$,$19.40144231
56,2556300000,264547.219,80,1,129,66,66,Renville,Renville,129,6E,Renville,Renville County,2014,27,4,129,5747,576,"$215,553,229.00",$720.00,15326,12303,8035,1,8034,7550,484,4268,113,$17.38,$18.10,0.44,14.9,7.4,15,7890,1170,15326,8035,113,$17.00,$18.00,15,7,30301,14.57,71.10619469,$2.43,1,$,$14.56778846
57,953830000,174510.031,81,1,139,71,71,Scott,Scott,139,11,Scott,Scott County,2014,27,4,139,43324,2978,"$1,950,509,762.00",$866.00,135129,99801,77066,46,77020,72883,4137,22735,1625,$20.33,$21.23,0.98,22.3,12,29,69450,22845,135129,77066,1625,$20.00,$21.00,22,12,43429,20.88,47.42523077,-$0.88,0,$,$20.87932692
58,1554000000,229548.672,82,1,143,73,73,Sibley,Sibley,143,9,Sibley,Sibley County,2014,27,4,143,4032,380,"$145,494,413.00",$693.00,15096,11750,8325,0,8325,7795,530,3425,109,$17.45,$18.17,0.54,14,7.3,18,7900,1160,15096,8325,109,$17.00,$18.00,14,7,30983,14.90,76.37614679,$2.10,1,$,$14.89567308
59,2282400000,236114.703,83,1,127,65,65,Redwood,Redwood,127,8,Redwood,Redwood County,2014,27,4,127,6413,543,"$208,730,911.00",$625.00,15834,12409,8034,4,8030,7627,403,4375,154,$17.01,$17.79,0.66,20.2,9.7,20,7720,1260,15834,8034,154,$17.00,$18.00,20,10,28793,13.84,52.16883117,$3.16,1,$,$13.84278846
60,2019700000,233185.141,84,1,049,26,26,Goodhue,Goodhue,49,10,Goodhue,Goodhue County,2014,27,4,49,21629,1324,"$914,178,985.00",$813.00,46336,36933,25138,4,25134,23625,1509,11795,550,$18.42,$19.22,0.67,23.3,11.9,23,23975,4460,46336,25138,550,$18.00,$19.00,23,12,31861,15.32,45.70545455,$2.68,1,$,$15.31778846
61,1421700000,155964.766,85,1,081,42,42,Lincoln,Lincoln,81,8,Lincoln,Lincoln County,2014,27,4,81,1700,223,"$55,106,247.00",$623.00,5821,4682,3072,2,3070,2989,81,1610,62,$17.98,$18.50,0.59,20.7,10.6,21,3030,480,5821,3072,62,$18.00,$19.00,21,11,30073,14.46,49.5483871,$3.54,1,$,$14.45817308
62,1869400000,175844.766,86,1,083,43,43,Lyon,Lyon,83,8,Lyon,Lyon County,2014,27,4,83,14912,829,"$577,042,268.00",$744.00,25724,20064,14766,4,14762,14119,643,5298,312,$17.83,$18.56,0.59,22.1,12.1,22,14170,2610,25724,14766,312,$18.00,$19.00,22,12,28309,13.61,47.32692308,$4.39,1,$,$13.61009615
63,1226400000,170341.094,88,1,079,41,41,Le Sueur,Le Sueur,79,9,Le Sueur,Le Sueur County,2014,27,4,79,8534,702,"$345,814,727.00",$775.00,27717,21626,15400,33,15367,14467,900,6226,394,$17.63,$18.11,0.81,27.2,14.2,27,14560,2680,27717,15400,394,$18.00,$18.00,27,14,32918,15.83,39.08629442,$2.17,1,$,$15.82596154
64,1335700000,154509.5,89,1,131,67,67,Rice,Rice,131,10,Rice,Rice County,2014,27,4,131,23313,1482,"$947,745,491.00",$781.00,64829,51740,35632,9,35623,33390,2233,16108,787,$18.58,$19.54,0.91,23.6,12.1,24,32770,7095,64829,35632,787,$19.00,$20.00,24,12,25439,12.23,45.27573062,$6.77,1,$,$12.23028846
65,1601600000,225407.125,90,1,015,9,9,Brown,Brown,15,9,Brown,Brown County,2014,27,4,15,13527,807,"$501,360,720.00",$712.00,25513,20596,14104,2,14102,13504,598,6492,397,$18.45,$19.36,0.72,29.4,15.6,29,13950,2030,25513,14104,397,$18.00,$19.00,29,16,28251,13.58,35.52644836,$4.42,1,$,$13.58221154
66,1208700000,245281.062,91,1,103,53,53,Nicollet,Nicollet,103,9,Nicollet,Nicollet County,2014,27,4,103,14117,674,"$543,504,720.00",$740.00,32923,26322,19360,2,19358,18572,786,6962,531,$18.28,$19.18,1.04,28.6,16.1,29,18380,4555,32923,19360,531,$18.00,$19.00,29,16,30566,14.70,36.45951036,$3.30,1,$,$14.69519231
67,1423000000,176480.672,92,1,157,80,80,Wabasha,Wabasha,157,10,Wabasha,Wabasha County,2014,27,4,157,6918,602,"$234,270,233.00",$651.00,21485,17177,11822,2,11820,11237,583,5355,180,$19.73,$20.32,0.62,16.1,8.4,16,11665,1955,21485,11822,180,$20.00,$20.00,16,8,32687,15.71,65.67777778,$4.29,1,$,$15.71490385
68,1982400000,222718.984,93,1,013,8,8,Blue Earth,Blue Earth,13,9,Blue Earth,Blue Earth County,2014,27,4,13,38064,1943,"$1,479,447,172.00",$747.00,64720,53365,38059,13,38046,35889,2157,15306,1047,$18.43,$19.16,0.72,29.2,16.2,29,36230,7270,64720,38059,1047,$18.00,$19.00,29,16,22893,11.01,36.35052531,$6.99,1,$,$11.00625
69,1208400000,139639.422,94,1,117,60,60,Pipestone,Pipestone,117,8,Pipestone,Pipestone County,2014,27,4,117,4395,345,"$139,322,896.00",$609.00,9407,7366,4914,2,4912,4688,224,2452,90,$18.59,$19.34,0.52,19.2,9.5,19,4785,650,9407,4914,90,$19.00,$19.00,19,10,27074,13.02,54.6,$5.98,1,$,$13.01634615
70,1864300000,173866.344,95,1,101,52,52,Murray,Murray,101,8,Murray,Murray County,2014,27,4,101,2960,335,"$95,747,332.00",$622.00,8586,6992,4482,4,4478,4287,191,2510,113,$16.69,$17.31,0.66,26.4,13.2,26,4475,750,8586,4482,113,$17.00,$17.00,26,13,30014,14.43,39.66371681,$2.57,1,$,$14.42980769
71,1680600000,173964.016,96,1,033,18,18,Cottonwood,Cottonwood,33,8,Cottonwood,Cottonwood County,2014,27,4,33,4732,392,"$159,576,417.00",$648.00,11676,9200,5781,0,5781,5501,280,3419,157,$18.19,$18.82,0.74,28.6,13.5,29,5680,855,11676,5781,157,$18.00,$19.00,29,13,26255,12.62,36.82165605,$5.38,1,$,$12.62259615
72,1660800000,184860.25,97,1,169,86,86,Winona,Winona,169,10,Winona,Winona County,2014,27,4,169,24781,1163,"$933,751,352.00",$724.00,51285,42855,30398,4,30394,27914,2480,12457,716,$17.83,$18.94,0.99,25.6,14,26,28290,5645,51285,30398,716,$18.00,$19.00,26,14,22803,10.96,42.45530726,$7.04,1,$,$10.96298077
73,1120100000,135246.156,98,1,161,82,82,Waseca,Waseca,161,9,Waseca,Waseca County,2014,27,4,161,6774,498,"$258,149,930.00",$733.00,19127,15101,9992,0,9992,9448,544,5109,160,$17.68,$18.54,0.53,16.9,8.4,17,9740,1685,19127,9992,160,$18.00,$19.00,17,8,30072,14.46,62.45,$3.54,1,$,$14.45769231
74,1118400000,135213.578,99,1,147,75,75,Steele,Steele,147,10,Steele,Steele County,2014,27,4,147,21530,928,"$845,899,403.00",$756.00,36472,28200,19689,23,19666,18382,1284,8511,430,$18.05,$19.07,0.57,23.4,11.8,23,19040,3825,36472,19689,430,$18.00,$19.00,23,12,33462,16.09,45.78837209,$1.91,1,$,$16.0875
75,1137700000,136206.25,100,1,039,21,21,Dodge,Dodge,39,10,Dodge,Dodge County,2014,27,4,39,5619,442,"$223,275,825.00",$763.00,20246,15232,11259,44,11215,10789,426,3973,232,$18.48,$18.84,0.67,21.5,11.5,22,10675,1865,20246,11259,232,$18.00,$19.00,22,11,36205,17.41,48.53017241,$0.59,1,$,$17.40625
76,1693900000,178262.609,101,1,109,56,56,Olmsted,Olmsted,109,10,Olmsted,Olmsted County,2014,27,4,109,92298,3355,$0.00,"$1,047.00",147431,114388,82864,21,82843,79169,3674,31524,2580,$20.47,$21.19,0.8,32.6,17.5,33,77300,19415,147431,82864,2580,$20.00,$21.00,33,18,36887,17.73,32.11782946,$2.27,1,$,$17.73413462
77,1138900000,136607.828,102,1,165,84,84,Watonwan,Watonwan,165,9,Watonwan,Watonwan County,2014,27,4,165,4021,313,"$125,505,435.00",$600.00,11151,8651,5957,4,5953,5702,251,2694,68,$16.43,$17.27,0.37,12,6.1,12,5690,620,11151,5957,68,$16.00,$17.00,12,6,28250,13.58,87.60294118,$2.42,1,$,$13.58173077
78,1251700000,142284.906,103,1,133,68,68,Rock,Rock,133,8,Rock,Rock County,2014,27,4,133,3488,300,"$120,436,695.00",$664.00,9587,7476,4907,9,4898,4703,195,2569,85,$16.55,$17.22,0.54,18,8.9,18,4870,685,9587,4907,85,$17.00,$17.00,18,9,27958,13.44,57.72941176,$3.56,1,$,$13.44134615
79,1871600000,174122.641,104,1,105,54,54,Nobles,Nobles,105,8,Nobles,Nobles County,2014,27,4,105,10326,623,"$366,606,213.00",$682.00,21589,16551,11090,11,11079,10325,754,5461,227,$16.91,$17.59,0.54,22,10.5,22,10735,1235,21589,11090,227,$17.00,$18.00,22,11,27297,13.12,48.85462555,$3.88,1,$,$13.12355769
80,1863300000,173880.312,105,1,063,33,33,Jackson,Jackson,63,8,Jackson,Jackson County,2014,27,4,63,5757,351,"$200,505,805.00",$669.00,10260,8217,5583,0,5583,5353,230,2634,133,$16.43,$17.06,0.59,24.9,13,25,5390,945,10260,5583,133,$16.00,$17.00,25,13,29249,14.06,41.97744361,$1.94,1,$,$14.06201923
81,1888700000,175103.062,106,1,091,47,47,Martin,Martin,91,9,Martin,Martin County,2014,27,4,91,8581,676,"$317,050,368.00",$710.00,9447,7521,5020,4,5016,4772,244,2501,209,$17.36,$18.29,0.64,43.7,22.1,44,10315,1915,20515,10875,405,$17.00,$18.00,39,20,28028,13.48,26.85185185,$3.53,1,$,$13.475
82,1472800000,158107.281,107,1,055,29,29,Houston,Houston,55,10,Houston,Houston County,2014,27,4,55,4934,427,"$148,432,313.00",$578.00,18859,15254,10326,3,10323,9741,582,4928,311,$18.26,$18.75,1.68,31.9,16.5,32,10090,1965,18859,10326,311,$18.00,$19.00,32,16,30726,14.77,33.20257235,$3.23,1,$,$14.77211538
83,1867700000,173899.844,108,1,043,23,23,Faribault,Faribault,43,9,Faribault,Faribault County,2014,27,4,43,4864,452,"$223,254,154.00",$879.00,14337,11663,7428,2,7426,7067,359,4235,154,$17.56,$18.43,0.79,21.7,10.7,22,7200,1050,14337,7428,154,$18.00,$18.00,22,11,27692,13.31,48.23376623,$4.69,1,$,$13.31346154
84,2231500000,192978.062,109,1,045,24,24,Fillmore,Fillmore,45,10,Fillmore,Fillmore County,2014,27,4,45,6009,639,"$184,717,200.00",$591.00,20842,16393,10931,4,10927,10403,524,5462,247,$17.35,$18.08,0.8,23.8,11.9,24,10455,1550,20842,10931,247,$17.00,$18.00,24,12,30444,14.64,44.25506073,$2.36,1,$,$14.63653846
85,1870100000,174070.891,110,1,047,25,25,Freeborn,Freeborn,47,10,Freeborn,Freeborn County,2014,27,4,47,12094,805,"$445,980,589.00",$709.00,31034,25015,16127,1,16126,15281,845,8888,319,$18.60,$19.53,0.64,20.9,10.3,21,15725,2075,31034,16127,319,$19.00,$20.00,21,10,27777,13.35,50.55485893,$5.65,1,$,$13.35432692
86,1841900000,174261.312,111,1,099,51,51,Mower,Mower,99,10,Mower,Mower County,2014,27,4,99,16255,857,"$694,590,705.00",$821.00,39312,30605,20391,0,20391,19068,1323,10214,369,$18.28,$19.24,0.69,19.3,9.4,19,19185,3225,39312,20391,369,$18.00,$19.00,19,9,30536,14.68,55.2601626,$3.32,1,$,$14.68076923
