periodyear,naicstitle,indcode,ownership,areaname,ownertitle,stfips,areatype,area,indlevel,pub_order,avgemp1,avgemp2,avgemp3,avgemp4,avg_estab1,avg_estab2,avg_estab3,avg_estab4,totwage1,totwage2,totwage3,totwage4,avgwkwage1,avgwkwage2,avgwkwage3,avgwkwage4,empYear,avg_estabYear,totwageYear,avgwkwageYear,gjg_total1,gjg_total2,gjg_total3,gjg_total4,gjg_totalYear,gjg_expanding1,gjg_expanding2,gjg_expanding3,gjg_expanding4,gjg_expandingYear,gjg_openings1,gjg_openings2,gjg_openings3,gjg_openings4,gjg_openingsYear,gjl_total1,gjl_total2,gjl_total3,gjl_total4,gjl_totalYear,gjl_contracting1,gjl_contracting2,gjl_contracting3,gjl_contracting4,gjl_contractingYear,gjl_closing1,gjl_closing2,gjl_closing3,gjl_closing4,gjl_closingYear,births_estabs1,births_estabs2,births_estabs3,births_estabs4,births_estabsYear,births_employ1,births_employ2,births_employ3,births_employ4,births_employYear,deaths_estabs1,deaths_estabs2,deaths_estabs3,deaths_estabs4,deaths_estabsYear,deaths_employ1,deaths_employ2,deaths_employ3,deaths_employ4,deaths_employYear,
"2015","Arts, Entertainment, and Recreation","71","00","Aitkin County                   ","Total, All Ownerships                   ","27","04","000001","2","10267171    ",49,52,,,16,16,,,138519,162012,,,217,239,,,,,,,999999,999999,999999,999999,999999,999999,999999,999999,999999,999999,999999,999999,999999,999999,999999,999999,999999,999999,999999,999999,999999,999999,999999,999999,999999,999999,999999,999999,999999,999999,999999,999999,999999,999999,999999,999999,999999,999999,999999,999999,999999,999999,999999,999999,999999,999999,999999,999999,999999,999999
"2015","Arts, Entertainment, and Recreation","71","00","Anoka County                    ","Total, All Ownerships                   ","27","04","000003","2","10267171    ",2380,2955,,,111,113,,,12608532,14542156,,,407,378,,,,,,,999999,999999,999999,999999,999999,999999,999999,999999,999999,999999,999999,999999,999999,999999,999999,999999,999999,999999,999999,999999,999999,999999,999999,999999,999999,999999,999999,999999,999999,999999,999999,999999,999999,999999,999999,999999,999999,999999,999999,999999,999999,999999,999999,999999,999999,999999,999999,999999,999999,999999
"2015","Arts, Entertainment, and Recreation","71","00","Becker County                   ","Total, All Ownerships                   ","27","04","000005","2","10267171    ",158,220,,,24,23,,,570862,732739,,,277,256,,,,,,,999999,999999,999999,999999,999999,999999,999999,999999,999999,999999,999999,999999,999999,999999,999999,999999,999999,999999,999999,999999,999999,999999,999999,999999,999999,999999,999999,999999,999999,999999,999999,999999,999999,999999,999999,999999,999999,999999,999999,999999,999999,999999,999999,999999,999999,999999,999999,999999,999999,999999
"2015","Arts, Entertainment, and Recreation","71","00","Beltrami County                 ","Total, All Ownerships                   ","27","04","000007","2","10267171    ",519,583,,,27,27,,,2191292,2073902,,,324,273,,,,,,,999999,999999,999999,999999,999999,999999,999999,999999,999999,999999,999999,999999,999999,999999,999999,999999,999999,999999,999999,999999,999999,999999,999999,999999,999999,999999,999999,999999,999999,999999,999999,999999,999999,999999,999999,999999,999999,999999,999999,999999,999999,999999,999999,999999,999999,999999,999999,999999,999999,999999
"2015","Arts, Entertainment, and Recreation","71","00","Benton County                   ","Total, All Ownerships                   ","27","04","000009","2","10267171    ",72,165,,,22,22,,,356401,693962,,,380,323,,,,,,,999999,999999,999999,999999,999999,999999,999999,999999,999999,999999,999999,999999,999999,999999,999999,999999,999999,999999,999999,999999,999999,999999,999999,999999,999999,999999,999999,999999,999999,999999,999999,999999,999999,999999,999999,999999,999999,999999,999999,999999,999999,999999,999999,999999,999999,999999,999999,999999,999999,999999
"2015","Arts, Entertainment, and Recreation","71","00","Blue Earth County               ","Total, All Ownerships                   ","27","04","000013","2","10267171    ",664,448,,,31,33,,,1600997,1380304,,,185,237,,,,,,,999999,999999,999999,999999,999999,999999,999999,999999,999999,999999,999999,999999,999999,999999,999999,999999,999999,999999,999999,999999,999999,999999,999999,999999,999999,999999,999999,999999,999999,999999,999999,999999,999999,999999,999999,999999,999999,999999,999999,999999,999999,999999,999999,999999,999999,999999,999999,999999,999999,999999
"2015","Arts, Entertainment, and Recreation","71","00","Brown County                    ","Total, All Ownerships                   ","27","04","000015","2","10267171    ",98,141,,,21,23,,,272201,406068,,,213,221,,,,,,,999999,999999,999999,999999,999999,999999,999999,999999,999999,999999,999999,999999,999999,999999,999999,999999,999999,999999,999999,999999,999999,999999,999999,999999,999999,999999,999999,999999,999999,999999,999999,999999,999999,999999,999999,999999,999999,999999,999999,999999,999999,999999,999999,999999,999999,999999,999999,999999,999999,999999
"2015","Arts, Entertainment, and Recreation","71","00","Carlton County                  ","Total, All Ownerships                   ","27","04","000017","2","10267171    ",737,829,,,23,23,,,5211262,4665598,,,543,432,,,,,,,999999,999999,999999,999999,999999,999999,999999,999999,999999,999999,999999,999999,999999,999999,999999,999999,999999,999999,999999,999999,999999,999999,999999,999999,999999,999999,999999,999999,999999,999999,999999,999999,999999,999999,999999,999999,999999,999999,999999,999999,999999,999999,999999,999999,999999,999999,999999,999999,999999,999999
"2015","Arts, Entertainment, and Recreation","71","00","Carver County                   ","Total, All Ownerships                   ","27","04","000019","2","10267171    ",952,1224,,,51,53,,,7194347,8248988,,,581,518,,,,,,,999999,999999,999999,999999,999999,999999,999999,999999,999999,999999,999999,999999,999999,999999,999999,999999,999999,999999,999999,999999,999999,999999,999999,999999,999999,999999,999999,999999,999999,999999,999999,999999,999999,999999,999999,999999,999999,999999,999999,999999,999999,999999,999999,999999,999999,999999,999999,999999,999999,999999
"2015","Arts, Entertainment, and Recreation","71","00","Cass County                     ","Total, All Ownerships                   ","27","04","000021","2","10267171    ",627,771,,,20,20,,,3817730,4385463,,,468,437,,,,,,,999999,999999,999999,999999,999999,999999,999999,999999,999999,999999,999999,999999,999999,999999,999999,999999,999999,999999,999999,999999,999999,999999,999999,999999,999999,999999,999999,999999,999999,999999,999999,999999,999999,999999,999999,999999,999999,999999,999999,999999,999999,999999,999999,999999,999999,999999,999999,999999,999999,999999
"2015","Arts, Entertainment, and Recreation","71","00","Chippewa County                 ","Total, All Ownerships                   ","27","04","000023","2","10267171    ",23,52,,,8,8,,,124364,206059,,,415,304,,,,,,,999999,999999,999999,999999,999999,999999,999999,999999,999999,999999,999999,999999,999999,999999,999999,999999,999999,999999,999999,999999,999999,999999,999999,999999,999999,999999,999999,999999,999999,999999,999999,999999,999999,999999,999999,999999,999999,999999,999999,999999,999999,999999,999999,999999,999999,999999,999999,999999,999999,999999
"2015","Arts, Entertainment, and Recreation","71","00","Chisago County                  ","Total, All Ownerships                   ","27","04","000025","2","10267171    ",376,312,,,24,23,,,1098014,1070375,,,224,263,,,,,,,999999,999999,999999,999999,999999,999999,999999,999999,999999,999999,999999,999999,999999,999999,999999,999999,999999,999999,999999,999999,999999,999999,999999,999999,999999,999999,999999,999999,999999,999999,999999,999999,999999,999999,999999,999999,999999,999999,999999,999999,999999,999999,999999,999999,999999,999999,999999,999999,999999,999999
"2015","Arts, Entertainment, and Recreation","71","00","Clay County                     ","Total, All Ownerships                   ","27","04","000027","2","10267171    ",139,183,,,17,18,,,486246,607985,,,269,255,,,,,,,999999,999999,999999,999999,999999,999999,999999,999999,999999,999999,999999,999999,999999,999999,999999,999999,999999,999999,999999,999999,999999,999999,999999,999999,999999,999999,999999,999999,999999,999999,999999,999999,999999,999999,999999,999999,999999,999999,999999,999999,999999,999999,999999,999999,999999,999999,999999,999999,999999,999999
"2015","Arts, Entertainment, and Recreation","71","00","Cook County                     ","Total, All Ownerships                   ","27","04","000031","2","10267171    ",341,272,,,13,13,,,2052392,1487833,,,462,420,,,,,,,999999,999999,999999,999999,999999,999999,999999,999999,999999,999999,999999,999999,999999,999999,999999,999999,999999,999999,999999,999999,999999,999999,999999,999999,999999,999999,999999,999999,999999,999999,999999,999999,999999,999999,999999,999999,999999,999999,999999,999999,999999,999999,999999,999999,999999,999999,999999,999999,999999,999999
"2015","Arts, Entertainment, and Recreation","71","00","Cottonwood County               ","Total, All Ownerships                   ","27","04","000033","2","10267171    ",25,52,,,10,10,,,106761,185611,,,328,274,,,,,,,999999,999999,999999,999999,999999,999999,999999,999999,999999,999999,999999,999999,999999,999999,999999,999999,999999,999999,999999,999999,999999,999999,999999,999999,999999,999999,999999,999999,999999,999999,999999,999999,999999,999999,999999,999999,999999,999999,999999,999999,999999,999999,999999,999999,999999,999999,999999,999999,999999,999999
"2015","Arts, Entertainment, and Recreation","71","00","Crow Wing County                ","Total, All Ownerships                   ","27","04","000035","2","10267171    ",139,291,,,50,51,,,527446,855652,,,291,226,,,,,,,999999,999999,999999,999999,999999,999999,999999,999999,999999,999999,999999,999999,999999,999999,999999,999999,999999,999999,999999,999999,999999,999999,999999,999999,999999,999999,999999,999999,999999,999999,999999,999999,999999,999999,999999,999999,999999,999999,999999,999999,999999,999999,999999,999999,999999,999999,999999,999999,999999,999999
"2015","Arts, Entertainment, and Recreation","71","00","Dakota County                   ","Total, All Ownerships                   ","27","04","000037","2","10267171    ",2961,3176,,,163,166,,,13333585,14736383,,,346,356,,,,,,,999999,999999,999999,999999,999999,999999,999999,999999,999999,999999,999999,999999,999999,999999,999999,999999,999999,999999,999999,999999,999999,999999,999999,999999,999999,999999,999999,999999,999999,999999,999999,999999,999999,999999,999999,999999,999999,999999,999999,999999,999999,999999,999999,999999,999999,999999,999999,999999,999999,999999
"2015","Arts, Entertainment, and Recreation","71","00","Dodge County                    ","Total, All Ownerships                   ","27","04","000039","2","10267171    ",33,77,,,7,7,,,68758,217801,,,160,217,,,,,,,999999,999999,999999,999999,999999,999999,999999,999999,999999,999999,999999,999999,999999,999999,999999,999999,999999,999999,999999,999999,999999,999999,999999,999999,999999,999999,999999,999999,999999,999999,999999,999999,999999,999999,999999,999999,999999,999999,999999,999999,999999,999999,999999,999999,999999,999999,999999,999999,999999,999999
"2015","Arts, Entertainment, and Recreation","71","00","Douglas County                  ","Total, All Ownerships                   ","27","04","000041","2","10267171    ",262,315,,,35,36,,,999387,1214876,,,293,296,,,,,,,999999,999999,999999,999999,999999,999999,999999,999999,999999,999999,999999,999999,999999,999999,999999,999999,999999,999999,999999,999999,999999,999999,999999,999999,999999,999999,999999,999999,999999,999999,999999,999999,999999,999999,999999,999999,999999,999999,999999,999999,999999,999999,999999,999999,999999,999999,999999,999999,999999,999999
"2015","Arts, Entertainment, and Recreation","71","00","Faribault County                ","Total, All Ownerships                   ","27","04","000043","2","10267171    ",,16,,,,6,,,,44373,,,,213,,,,,,,999999,999999,999999,999999,999999,999999,999999,999999,999999,999999,999999,999999,999999,999999,999999,999999,999999,999999,999999,999999,999999,999999,999999,999999,999999,999999,999999,999999,999999,999999,999999,999999,999999,999999,999999,999999,999999,999999,999999,999999,999999,999999,999999,999999,999999,999999,999999,999999,999999,999999
"2015","Arts, Entertainment, and Recreation","71","00","Fillmore County                 ","Total, All Ownerships                   ","27","04","000045","2","10267171    ",73,113,,,14,14,,,233450,360490,,,245,245,,,,,,,999999,999999,999999,999999,999999,999999,999999,999999,999999,999999,999999,999999,999999,999999,999999,999999,999999,999999,999999,999999,999999,999999,999999,999999,999999,999999,999999,999999,999999,999999,999999,999999,999999,999999,999999,999999,999999,999999,999999,999999,999999,999999,999999,999999,999999,999999,999999,999999,999999,999999
"2015","Arts, Entertainment, and Recreation","71","00","Freeborn County                 ","Total, All Ownerships                   ","27","04","000047","2","10267171    ",99,132,,,13,13,,,385095,527567,,,299,307,,,,,,,999999,999999,999999,999999,999999,999999,999999,999999,999999,999999,999999,999999,999999,999999,999999,999999,999999,999999,999999,999999,999999,999999,999999,999999,999999,999999,999999,999999,999999,999999,999999,999999,999999,999999,999999,999999,999999,999999,999999,999999,999999,999999,999999,999999,999999,999999,999999,999999,999999,999999
"2015","Arts, Entertainment, and Recreation","71","00","Goodhue County                  ","Total, All Ownerships                   ","27","04","000049","2","10267171    ",1499,1365,,,25,25,,,12857612,12147820,,,659,684,,,,,,,999999,999999,999999,999999,999999,999999,999999,999999,999999,999999,999999,999999,999999,999999,999999,999999,999999,999999,999999,999999,999999,999999,999999,999999,999999,999999,999999,999999,999999,999999,999999,999999,999999,999999,999999,999999,999999,999999,999999,999999,999999,999999,999999,999999,999999,999999,999999,999999,999999,999999
"2015","Arts, Entertainment, and Recreation","71","00","Grant County                    ","Total, All Ownerships                   ","27","04","000051","2","10267171    ",4,17,,,4,5,,,34924,65600,,,671,296,,,,,,,999999,999999,999999,999999,999999,999999,999999,999999,999999,999999,999999,999999,999999,999999,999999,999999,999999,999999,999999,999999,999999,999999,999999,999999,999999,999999,999999,999999,999999,999999,999999,999999,999999,999999,999999,999999,999999,999999,999999,999999,999999,999999,999999,999999,999999,999999,999999,999999,999999,999999
"2015","Arts, Entertainment, and Recreation","71","00","Hennepin County                 ","Total, All Ownerships                   ","27","04","000053","2","10267171    ",12943,15444,,,660,662,,,137038421,168507382,,,814,839,,,,,,,999999,999999,999999,999999,999999,999999,999999,999999,999999,999999,999999,999999,999999,999999,999999,999999,999999,999999,999999,999999,999999,999999,999999,999999,999999,999999,999999,999999,999999,999999,999999,999999,999999,999999,999999,999999,999999,999999,999999,999999,999999,999999,999999,999999,999999,999999,999999,999999,999999,999999
"2015","Arts, Entertainment, and Recreation","71","00","Houston County                  ","Total, All Ownerships                   ","27","04","000055","2","10267171    ",20,53,,,11,12,,,68098,196606,,,261,285,,,,,,,999999,999999,999999,999999,999999,999999,999999,999999,999999,999999,999999,999999,999999,999999,999999,999999,999999,999999,999999,999999,999999,999999,999999,999999,999999,999999,999999,999999,999999,999999,999999,999999,999999,999999,999999,999999,999999,999999,999999,999999,999999,999999,999999,999999,999999,999999,999999,999999,999999,999999
"2015","Arts, Entertainment, and Recreation","71","00","Hubbard County                  ","Total, All Ownerships                   ","27","04","000057","2","10267171    ",,75,,,,19,,,,258444,,,,265,,,,,,,999999,999999,999999,999999,999999,999999,999999,999999,999999,999999,999999,999999,999999,999999,999999,999999,999999,999999,999999,999999,999999,999999,999999,999999,999999,999999,999999,999999,999999,999999,999999,999999,999999,999999,999999,999999,999999,999999,999999,999999,999999,999999,999999,999999,999999,999999,999999,999999,999999,999999
"2015","Arts, Entertainment, and Recreation","71","00","Isanti County                   ","Total, All Ownerships                   ","27","04","000059","2","10267171    ",75,88,,,14,14,,,162510,184363,,,166,161,,,,,,,999999,999999,999999,999999,999999,999999,999999,999999,999999,999999,999999,999999,999999,999999,999999,999999,999999,999999,999999,999999,999999,999999,999999,999999,999999,999999,999999,999999,999999,999999,999999,999999,999999,999999,999999,999999,999999,999999,999999,999999,999999,999999,999999,999999,999999,999999,999999,999999,999999,999999
"2015","Arts, Entertainment, and Recreation","71","00","Itasca County                   ","Total, All Ownerships                   ","27","04","000061","2","10267171    ",274,311,,,28,28,,,1568066,1735359,,,440,429,,,,,,,999999,999999,999999,999999,999999,999999,999999,999999,999999,999999,999999,999999,999999,999999,999999,999999,999999,999999,999999,999999,999999,999999,999999,999999,999999,999999,999999,999999,999999,999999,999999,999999,999999,999999,999999,999999,999999,999999,999999,999999,999999,999999,999999,999999,999999,999999,999999,999999,999999,999999
"2015","Arts, Entertainment, and Recreation","71","00","Jackson County                  ","Total, All Ownerships                   ","27","04","000063","2","10267171    ",21,41,,,10,10,,,42297,80987,,,154,151,,,,,,,999999,999999,999999,999999,999999,999999,999999,999999,999999,999999,999999,999999,999999,999999,999999,999999,999999,999999,999999,999999,999999,999999,999999,999999,999999,999999,999999,999999,999999,999999,999999,999999,999999,999999,999999,999999,999999,999999,999999,999999,999999,999999,999999,999999,999999,999999,999999,999999,999999,999999
"2015","Arts, Entertainment, and Recreation","71","00","Kanabec County                  ","Total, All Ownerships                   ","27","04","000065","2","10267171    ",45,55,,,8,8,,,178838,222994,,,305,311,,,,,,,999999,999999,999999,999999,999999,999999,999999,999999,999999,999999,999999,999999,999999,999999,999999,999999,999999,999999,999999,999999,999999,999999,999999,999999,999999,999999,999999,999999,999999,999999,999999,999999,999999,999999,999999,999999,999999,999999,999999,999999,999999,999999,999999,999999,999999,999999,999999,999999,999999,999999
"2015","Arts, Entertainment, and Recreation","71","00","Kandiyohi County                ","Total, All Ownerships                   ","27","04","000067","2","10267171    ",185,256,,,20,20,,,626438,912927,,,260,274,,,,,,,999999,999999,999999,999999,999999,999999,999999,999999,999999,999999,999999,999999,999999,999999,999999,999999,999999,999999,999999,999999,999999,999999,999999,999999,999999,999999,999999,999999,999999,999999,999999,999999,999999,999999,999999,999999,999999,999999,999999,999999,999999,999999,999999,999999,999999,999999,999999,999999,999999,999999
"2015","Arts, Entertainment, and Recreation","71","00","Kittson County                  ","Total, All Ownerships                   ","27","04","000069","2","10267171    ",,25,,,,6,,,,102222,,,,314,,,,,,,999999,999999,999999,999999,999999,999999,999999,999999,999999,999999,999999,999999,999999,999999,999999,999999,999999,999999,999999,999999,999999,999999,999999,999999,999999,999999,999999,999999,999999,999999,999999,999999,999999,999999,999999,999999,999999,999999,999999,999999,999999,999999,999999,999999,999999,999999,999999,999999,999999,999999
"2015","Arts, Entertainment, and Recreation","71","00","Koochiching County              ","Total, All Ownerships                   ","27","04","000071","2","10267171    ",83,132,,,14,14,,,839226,939120,,,777,547,,,,,,,999999,999999,999999,999999,999999,999999,999999,999999,999999,999999,999999,999999,999999,999999,999999,999999,999999,999999,999999,999999,999999,999999,999999,999999,999999,999999,999999,999999,999999,999999,999999,999999,999999,999999,999999,999999,999999,999999,999999,999999,999999,999999,999999,999999,999999,999999,999999,999999,999999,999999
"2015","Arts, Entertainment, and Recreation","71","00","Lac qui Parle County            ","Total, All Ownerships                   ","27","04","000073","2","10267171    ",,19,,,,5,,,,54072,,,,218,,,,,,,999999,999999,999999,999999,999999,999999,999999,999999,999999,999999,999999,999999,999999,999999,999999,999999,999999,999999,999999,999999,999999,999999,999999,999999,999999,999999,999999,999999,999999,999999,999999,999999,999999,999999,999999,999999,999999,999999,999999,999999,999999,999999,999999,999999,999999,999999,999999,999999,999999,999999
"2015","Arts, Entertainment, and Recreation","71","00","Lake County                     ","Total, All Ownerships                   ","27","04","000075","2","10267171    ",56,90,,,11,11,,,233079,324176,,,320,277,,,,,,,999999,999999,999999,999999,999999,999999,999999,999999,999999,999999,999999,999999,999999,999999,999999,999999,999999,999999,999999,999999,999999,999999,999999,999999,999999,999999,999999,999999,999999,999999,999999,999999,999999,999999,999999,999999,999999,999999,999999,999999,999999,999999,999999,999999,999999,999999,999999,999999,999999,999999
"2015","Arts, Entertainment, and Recreation","71","00","Lake of the Woods County        ","Total, All Ownerships                   ","27","04","000077","2","10267171    ",57,47,,,12,12,,,269238,215694,,,363,353,,,,,,,999999,999999,999999,999999,999999,999999,999999,999999,999999,999999,999999,999999,999999,999999,999999,999999,999999,999999,999999,999999,999999,999999,999999,999999,999999,999999,999999,999999,999999,999999,999999,999999,999999,999999,999999,999999,999999,999999,999999,999999,999999,999999,999999,999999,999999,999999,999999,999999,999999,999999
"2015","Arts, Entertainment, and Recreation","71","00","Le Sueur County                 ","Total, All Ownerships                   ","27","04","000079","2","10267171    ",57,105,,,14,14,,,134050,276917,,,180,202,,,,,,,999999,999999,999999,999999,999999,999999,999999,999999,999999,999999,999999,999999,999999,999999,999999,999999,999999,999999,999999,999999,999999,999999,999999,999999,999999,999999,999999,999999,999999,999999,999999,999999,999999,999999,999999,999999,999999,999999,999999,999999,999999,999999,999999,999999,999999,999999,999999,999999,999999,999999
"2015","Arts, Entertainment, and Recreation","71","00","Lincoln County                  ","Total, All Ownerships                   ","27","04","000081","2","10267171    ",11,32,,,5,5,,,40654,115481,,,284,277,,,,,,,999999,999999,999999,999999,999999,999999,999999,999999,999999,999999,999999,999999,999999,999999,999999,999999,999999,999999,999999,999999,999999,999999,999999,999999,999999,999999,999999,999999,999999,999999,999999,999999,999999,999999,999999,999999,999999,999999,999999,999999,999999,999999,999999,999999,999999,999999,999999,999999,999999,999999
"2015","Arts, Entertainment, and Recreation","71","00","Lyon County                     ","Total, All Ownerships                   ","27","04","000083","2","10267171    ",146,180,,,13,13,,,370225,443623,,,195,189,,,,,,,999999,999999,999999,999999,999999,999999,999999,999999,999999,999999,999999,999999,999999,999999,999999,999999,999999,999999,999999,999999,999999,999999,999999,999999,999999,999999,999999,999999,999999,999999,999999,999999,999999,999999,999999,999999,999999,999999,999999,999999,999999,999999,999999,999999,999999,999999,999999,999999,999999,999999
"2015","Arts, Entertainment, and Recreation","71","00","Martin County                   ","Total, All Ownerships                   ","27","04","000091","2","10267171    ",47,89,,,13,13,,,118676,238805,,,194,206,,,,,,,999999,999999,999999,999999,999999,999999,999999,999999,999999,999999,999999,999999,999999,999999,999999,999999,999999,999999,999999,999999,999999,999999,999999,999999,999999,999999,999999,999999,999999,999999,999999,999999,999999,999999,999999,999999,999999,999999,999999,999999,999999,999999,999999,999999,999999,999999,999999,999999,999999,999999
"2015","Arts, Entertainment, and Recreation","71","00","McLeod County                   ","Total, All Ownerships                   ","27","04","000085","2","10267171    ",133,182,,,17,17,,,543196,794841,,,314,335,,,,,,,999999,999999,999999,999999,999999,999999,999999,999999,999999,999999,999999,999999,999999,999999,999999,999999,999999,999999,999999,999999,999999,999999,999999,999999,999999,999999,999999,999999,999999,999999,999999,999999,999999,999999,999999,999999,999999,999999,999999,999999,999999,999999,999999,999999,999999,999999,999999,999999,999999,999999
"2015","Arts, Entertainment, and Recreation","71","00","Meeker County                   ","Total, All Ownerships                   ","27","04","000093","2","10267171    ",22,32,,,9,9,,,73502,92376,,,257,222,,,,,,,999999,999999,999999,999999,999999,999999,999999,999999,999999,999999,999999,999999,999999,999999,999999,999999,999999,999999,999999,999999,999999,999999,999999,999999,999999,999999,999999,999999,999999,999999,999999,999999,999999,999999,999999,999999,999999,999999,999999,999999,999999,999999,999999,999999,999999,999999,999999,999999,999999,999999
"2015","Arts, Entertainment, and Recreation","71","00","Mille Lacs County               ","Total, All Ownerships                   ","27","04","000095","2","10267171    ",88,152,,,15,15,,,208262,398669,,,182,201,,,,,,,999999,999999,999999,999999,999999,999999,999999,999999,999999,999999,999999,999999,999999,999999,999999,999999,999999,999999,999999,999999,999999,999999,999999,999999,999999,999999,999999,999999,999999,999999,999999,999999,999999,999999,999999,999999,999999,999999,999999,999999,999999,999999,999999,999999,999999,999999,999999,999999,999999,999999
"2015","Arts, Entertainment, and Recreation","71","00","Morrison County                 ","Total, All Ownerships                   ","27","04","000097","2","10267171    ",59,131,,,22,20,,,173924,382995,,,226,224,,,,,,,999999,999999,999999,999999,999999,999999,999999,999999,999999,999999,999999,999999,999999,999999,999999,999999,999999,999999,999999,999999,999999,999999,999999,999999,999999,999999,999999,999999,999999,999999,999999,999999,999999,999999,999999,999999,999999,999999,999999,999999,999999,999999,999999,999999,999999,999999,999999,999999,999999,999999
"2015","Arts, Entertainment, and Recreation","71","00","Mower County                    ","Total, All Ownerships                   ","27","04","000099","2","10267171    ",83,201,,,14,15,,,408095,558579,,,378,213,,,,,,,999999,999999,999999,999999,999999,999999,999999,999999,999999,999999,999999,999999,999999,999999,999999,999999,999999,999999,999999,999999,999999,999999,999999,999999,999999,999999,999999,999999,999999,999999,999999,999999,999999,999999,999999,999999,999999,999999,999999,999999,999999,999999,999999,999999,999999,999999,999999,999999,999999,999999
"2015","Arts, Entertainment, and Recreation","71","00","Murray County                   ","Total, All Ownerships                   ","27","04","000101","2","10267171    ",9,39,,,6,6,,,59606,164478,,,509,324,,,,,,,999999,999999,999999,999999,999999,999999,999999,999999,999999,999999,999999,999999,999999,999999,999999,999999,999999,999999,999999,999999,999999,999999,999999,999999,999999,999999,999999,999999,999999,999999,999999,999999,999999,999999,999999,999999,999999,999999,999999,999999,999999,999999,999999,999999,999999,999999,999999,999999,999999,999999
"2015","Arts, Entertainment, and Recreation","71","00","Nicollet County                 ","Total, All Ownerships                   ","27","04","000103","2","10267171    ",77,119,,,12,12,,,372368,481855,,,371,311,,,,,,,999999,999999,999999,999999,999999,999999,999999,999999,999999,999999,999999,999999,999999,999999,999999,999999,999999,999999,999999,999999,999999,999999,999999,999999,999999,999999,999999,999999,999999,999999,999999,999999,999999,999999,999999,999999,999999,999999,999999,999999,999999,999999,999999,999999,999999,999999,999999,999999,999999,999999
"2015","Arts, Entertainment, and Recreation","71","00","Nobles County                   ","Total, All Ownerships                   ","27","04","000105","2","10267171    ",11,63,,,8,7,,,66795,185164,,,467,226,,,,,,,999999,999999,999999,999999,999999,999999,999999,999999,999999,999999,999999,999999,999999,999999,999999,999999,999999,999999,999999,999999,999999,999999,999999,999999,999999,999999,999999,999999,999999,999999,999999,999999,999999,999999,999999,999999,999999,999999,999999,999999,999999,999999,999999,999999,999999,999999,999999,999999,999999,999999
"2015","Arts, Entertainment, and Recreation","71","00","Norman County                   ","Total, All Ownerships                   ","27","04","000107","2","10267171    ",,26,,,,5,,,,18866,,,,55,,,,,,,999999,999999,999999,999999,999999,999999,999999,999999,999999,999999,999999,999999,999999,999999,999999,999999,999999,999999,999999,999999,999999,999999,999999,999999,999999,999999,999999,999999,999999,999999,999999,999999,999999,999999,999999,999999,999999,999999,999999,999999,999999,999999,999999,999999,999999,999999,999999,999999,999999,999999
"2015","Arts, Entertainment, and Recreation","71","00","Olmsted County","Total, All Ownerships                   ","27","04","000109","2","10267171    ",809,933,,,60,59,,,3008194,3391757,,,286,279,,,,,,,999999,999999,999999,999999,999999,999999,999999,999999,999999,999999,999999,999999,999999,999999,999999,999999,999999,999999,999999,999999,999999,999999,999999,999999,999999,999999,999999,999999,999999,999999,999999,999999,999999,999999,999999,999999,999999,999999,999999,999999,999999,999999,999999,999999,999999,999999,999999,999999,999999,999999
"2015","Arts, Entertainment, and Recreation","71","00","Otter Tail County               ","Total, All Ownerships                   ","27","04","000111","2","10267171    ",162,248,,,34,35,,,593976,731079,,,282,226,,,,,,,999999,999999,999999,999999,999999,999999,999999,999999,999999,999999,999999,999999,999999,999999,999999,999999,999999,999999,999999,999999,999999,999999,999999,999999,999999,999999,999999,999999,999999,999999,999999,999999,999999,999999,999999,999999,999999,999999,999999,999999,999999,999999,999999,999999,999999,999999,999999,999999,999999,999999
"2015","Arts, Entertainment, and Recreation","71","00","Pennington County               ","Total, All Ownerships                   ","27","04","000113","2","10267171    ",598,615,,,8,8,,,2899513,2536386,,,372,317,,,,,,,999999,999999,999999,999999,999999,999999,999999,999999,999999,999999,999999,999999,999999,999999,999999,999999,999999,999999,999999,999999,999999,999999,999999,999999,999999,999999,999999,999999,999999,999999,999999,999999,999999,999999,999999,999999,999999,999999,999999,999999,999999,999999,999999,999999,999999,999999,999999,999999,999999,999999
"2015","Arts, Entertainment, and Recreation","71","00","Pine County                     ","Total, All Ownerships                   ","27","04","000115","2","10267171    ",67,141,,,19,18,,,348480,715573,,,400,390,,,,,,,999999,999999,999999,999999,999999,999999,999999,999999,999999,999999,999999,999999,999999,999999,999999,999999,999999,999999,999999,999999,999999,999999,999999,999999,999999,999999,999999,999999,999999,999999,999999,999999,999999,999999,999999,999999,999999,999999,999999,999999,999999,999999,999999,999999,999999,999999,999999,999999,999999,999999
"2015","Arts, Entertainment, and Recreation","71","00","Pipestone County                ","Total, All Ownerships                   ","27","04","000117","2","10267171    ",16,39,,,5,5,,,162157,208972,,,779,412,,,,,,,999999,999999,999999,999999,999999,999999,999999,999999,999999,999999,999999,999999,999999,999999,999999,999999,999999,999999,999999,999999,999999,999999,999999,999999,999999,999999,999999,999999,999999,999999,999999,999999,999999,999999,999999,999999,999999,999999,999999,999999,999999,999999,999999,999999,999999,999999,999999,999999,999999,999999
"2015","Arts, Entertainment, and Recreation","71","00","Polk County                     ","Total, All Ownerships                   ","27","04","000119","2","10267171    ",49,104,,,18,18,,,141005,250202,,,221,185,,,,,,,999999,999999,999999,999999,999999,999999,999999,999999,999999,999999,999999,999999,999999,999999,999999,999999,999999,999999,999999,999999,999999,999999,999999,999999,999999,999999,999999,999999,999999,999999,999999,999999,999999,999999,999999,999999,999999,999999,999999,999999,999999,999999,999999,999999,999999,999999,999999,999999,999999,999999
"2015","Arts, Entertainment, and Recreation","71","00","Pope County                     ","Total, All Ownerships                   ","27","04","000121","2","10267171    ",17,45,,,8,8,,,61906,136535,,,280,233,,,,,,,999999,999999,999999,999999,999999,999999,999999,999999,999999,999999,999999,999999,999999,999999,999999,999999,999999,999999,999999,999999,999999,999999,999999,999999,999999,999999,999999,999999,999999,999999,999999,999999,999999,999999,999999,999999,999999,999999,999999,999999,999999,999999,999999,999999,999999,999999,999999,999999,999999,999999
"2015","Arts, Entertainment, and Recreation","71","00","Ramsey County                   ","Total, All Ownerships                   ","27","04","000123","2","10267171    ",5522,5802,,,237,233,,,64295513,53309181,,,895,706,,,,,,,999999,999999,999999,999999,999999,999999,999999,999999,999999,999999,999999,999999,999999,999999,999999,999999,999999,999999,999999,999999,999999,999999,999999,999999,999999,999999,999999,999999,999999,999999,999999,999999,999999,999999,999999,999999,999999,999999,999999,999999,999999,999999,999999,999999,999999,999999,999999,999999,999999,999999
"2015","Arts, Entertainment, and Recreation","71","00","Redwood County                  ","Total, All Ownerships                   ","27","04","000127","2","10267171    ",20,54,,,13,13,,,67660,152322,,,260,216,,,,,,,999999,999999,999999,999999,999999,999999,999999,999999,999999,999999,999999,999999,999999,999999,999999,999999,999999,999999,999999,999999,999999,999999,999999,999999,999999,999999,999999,999999,999999,999999,999999,999999,999999,999999,999999,999999,999999,999999,999999,999999,999999,999999,999999,999999,999999,999999,999999,999999,999999,999999
"2015","Arts, Entertainment, and Recreation","71","00","Renville County                 ","Total, All Ownerships                   ","27","04","000129","2","10267171    ",21,47,,,9,9,,,106671,173336,,,390,283,,,,,,,999999,999999,999999,999999,999999,999999,999999,999999,999999,999999,999999,999999,999999,999999,999999,999999,999999,999999,999999,999999,999999,999999,999999,999999,999999,999999,999999,999999,999999,999999,999999,999999,999999,999999,999999,999999,999999,999999,999999,999999,999999,999999,999999,999999,999999,999999,999999,999999,999999,999999
"2015","Arts, Entertainment, and Recreation","71","00","Rice County                     ","Total, All Ownerships                   ","27","04","000131","2","10267171    ",166,282,,,26,26,,,587478,936010,,,272,255,,,,,,,999999,999999,999999,999999,999999,999999,999999,999999,999999,999999,999999,999999,999999,999999,999999,999999,999999,999999,999999,999999,999999,999999,999999,999999,999999,999999,999999,999999,999999,999999,999999,999999,999999,999999,999999,999999,999999,999999,999999,999999,999999,999999,999999,999999,999999,999999,999999,999999,999999,999999
"2015","Arts, Entertainment, and Recreation","71","00","Rock County                     ","Total, All Ownerships                   ","27","04","000133","2","10267171    ",16,28,,,7,7,,,88204,137456,,,424,377,,,,,,,999999,999999,999999,999999,999999,999999,999999,999999,999999,999999,999999,999999,999999,999999,999999,999999,999999,999999,999999,999999,999999,999999,999999,999999,999999,999999,999999,999999,999999,999999,999999,999999,999999,999999,999999,999999,999999,999999,999999,999999,999999,999999,999999,999999,999999,999999,999999,999999,999999,999999
"2015","Arts, Entertainment, and Recreation","71","00","Roseau County                   ","Total, All Ownerships                   ","27","04","000135","2","10267171    ",176,188,,,13,13,,,1370911,1219801,,,599,499,,,,,,,999999,999999,999999,999999,999999,999999,999999,999999,999999,999999,999999,999999,999999,999999,999999,999999,999999,999999,999999,999999,999999,999999,999999,999999,999999,999999,999999,999999,999999,999999,999999,999999,999999,999999,999999,999999,999999,999999,999999,999999,999999,999999,999999,999999,999999,999999,999999,999999,999999,999999
"2015","Arts, Entertainment, and Recreation","71","00","Saint Louis County              ","Total, All Ownerships                   ","27","04","000137","2","10267171    ",1817,2102,,,132,132,,,9201650,9181482,,,389,335,,,,,,,999999,999999,999999,999999,999999,999999,999999,999999,999999,999999,999999,999999,999999,999999,999999,999999,999999,999999,999999,999999,999999,999999,999999,999999,999999,999999,999999,999999,999999,999999,999999,999999,999999,999999,999999,999999,999999,999999,999999,999999,999999,999999,999999,999999,999999,999999,999999,999999,999999,999999
"2015","Arts, Entertainment, and Recreation","71","00","Scott County                    ","Total, All Ownerships                   ","27","04","000139","2","10267171    ",1302,2547,,,74,74,,,9792256,13716456,,,578,414,,,,,,,999999,999999,999999,999999,999999,999999,999999,999999,999999,999999,999999,999999,999999,999999,999999,999999,999999,999999,999999,999999,999999,999999,999999,999999,999999,999999,999999,999999,999999,999999,999999,999999,999999,999999,999999,999999,999999,999999,999999,999999,999999,999999,999999,999999,999999,999999,999999,999999,999999,999999
"2015","Arts, Entertainment, and Recreation","71","00","Sherburne County                ","Total, All Ownerships                   ","27","04","000141","2","10267171    ",223,347,,,31,31,,,796846,1066292,,,274,236,,,,,,,999999,999999,999999,999999,999999,999999,999999,999999,999999,999999,999999,999999,999999,999999,999999,999999,999999,999999,999999,999999,999999,999999,999999,999999,999999,999999,999999,999999,999999,999999,999999,999999,999999,999999,999999,999999,999999,999999,999999,999999,999999,999999,999999,999999,999999,999999,999999,999999,999999,999999
"2015","Arts, Entertainment, and Recreation","71","00","Sibley County                   ","Total, All Ownerships                   ","27","04","000143","2","10267171    ",,30,,,,4,,,,73400,,,,188,,,,,,,999999,999999,999999,999999,999999,999999,999999,999999,999999,999999,999999,999999,999999,999999,999999,999999,999999,999999,999999,999999,999999,999999,999999,999999,999999,999999,999999,999999,999999,999999,999999,999999,999999,999999,999999,999999,999999,999999,999999,999999,999999,999999,999999,999999,999999,999999,999999,999999,999999,999999
"2015","Arts, Entertainment, and Recreation","71","00","Stearns County                  ","Total, All Ownerships                   ","27","04","000145","2","10267171    ",829,885,,,91,90,,,2681838,2861531,,,248,248,,,,,,,999999,999999,999999,999999,999999,999999,999999,999999,999999,999999,999999,999999,999999,999999,999999,999999,999999,999999,999999,999999,999999,999999,999999,999999,999999,999999,999999,999999,999999,999999,999999,999999,999999,999999,999999,999999,999999,999999,999999,999999,999999,999999,999999,999999,999999,999999,999999,999999,999999,999999
"2015","Arts, Entertainment, and Recreation","71","00","Steele County                   ","Total, All Ownerships                   ","27","04","000147","2","10267171    ",139,198,,,15,15,,,464619,652554,,,257,253,,,,,,,999999,999999,999999,999999,999999,999999,999999,999999,999999,999999,999999,999999,999999,999999,999999,999999,999999,999999,999999,999999,999999,999999,999999,999999,999999,999999,999999,999999,999999,999999,999999,999999,999999,999999,999999,999999,999999,999999,999999,999999,999999,999999,999999,999999,999999,999999,999999,999999,999999,999999
"2015","Arts, Entertainment, and Recreation","71","00","Stevens County                  ","Total, All Ownerships                   ","27","04","000149","2","10267171    ",72,80,,,6,6,,,113931,142031,,,121,136,,,,,,,999999,999999,999999,999999,999999,999999,999999,999999,999999,999999,999999,999999,999999,999999,999999,999999,999999,999999,999999,999999,999999,999999,999999,999999,999999,999999,999999,999999,999999,999999,999999,999999,999999,999999,999999,999999,999999,999999,999999,999999,999999,999999,999999,999999,999999,999999,999999,999999,999999,999999
"2015","Arts, Entertainment, and Recreation","71","00","Swift County                    ","Total, All Ownerships                   ","27","04","000151","2","10267171    ",26,37,,,6,6,,,56786,101305,,,168,210,,,,,,,999999,999999,999999,999999,999999,999999,999999,999999,999999,999999,999999,999999,999999,999999,999999,999999,999999,999999,999999,999999,999999,999999,999999,999999,999999,999999,999999,999999,999999,999999,999999,999999,999999,999999,999999,999999,999999,999999,999999,999999,999999,999999,999999,999999,999999,999999,999999,999999,999999,999999
"2015","Arts, Entertainment, and Recreation","71","00","Todd County                     ","Total, All Ownerships                   ","27","04","000153","2","10267171    ",29,57,,,11,12,,,47149,120884,,,125,163,,,,,,,999999,999999,999999,999999,999999,999999,999999,999999,999999,999999,999999,999999,999999,999999,999999,999999,999999,999999,999999,999999,999999,999999,999999,999999,999999,999999,999999,999999,999999,999999,999999,999999,999999,999999,999999,999999,999999,999999,999999,999999,999999,999999,999999,999999,999999,999999,999999,999999,999999,999999
"2015","Arts, Entertainment, and Recreation","71","00","Wabasha County                  ","Total, All Ownerships                   ","27","04","000157","2","10267171    ",106,132,,,16,16,,,422175,507677,,,306,295,,,,,,,999999,999999,999999,999999,999999,999999,999999,999999,999999,999999,999999,999999,999999,999999,999999,999999,999999,999999,999999,999999,999999,999999,999999,999999,999999,999999,999999,999999,999999,999999,999999,999999,999999,999999,999999,999999,999999,999999,999999,999999,999999,999999,999999,999999,999999,999999,999999,999999,999999,999999
"2015","Arts, Entertainment, and Recreation","71","00","Wadena County                   ","Total, All Ownerships                   ","27","04","000159","2","10267171    ",28,54,,,10,9,,,97530,219555,,,267,312,,,,,,,999999,999999,999999,999999,999999,999999,999999,999999,999999,999999,999999,999999,999999,999999,999999,999999,999999,999999,999999,999999,999999,999999,999999,999999,999999,999999,999999,999999,999999,999999,999999,999999,999999,999999,999999,999999,999999,999999,999999,999999,999999,999999,999999,999999,999999,999999,999999,999999,999999,999999
"2015","Arts, Entertainment, and Recreation","71","00","Waseca County                   ","Total, All Ownerships                   ","27","04","000161","2","10267171    ",44,59,,,15,14,,,138197,188309,,,241,245,,,,,,,999999,999999,999999,999999,999999,999999,999999,999999,999999,999999,999999,999999,999999,999999,999999,999999,999999,999999,999999,999999,999999,999999,999999,999999,999999,999999,999999,999999,999999,999999,999999,999999,999999,999999,999999,999999,999999,999999,999999,999999,999999,999999,999999,999999,999999,999999,999999,999999,999999,999999
"2015","Arts, Entertainment, and Recreation","71","00","Washington County               ","Total, All Ownerships                   ","27","04","000163","2","10267171    ",1945,2173,,,127,125,,,7327572,8335430,,,289,295,,,,,,,999999,999999,999999,999999,999999,999999,999999,999999,999999,999999,999999,999999,999999,999999,999999,999999,999999,999999,999999,999999,999999,999999,999999,999999,999999,999999,999999,999999,999999,999999,999999,999999,999999,999999,999999,999999,999999,999999,999999,999999,999999,999999,999999,999999,999999,999999,999999,999999,999999,999999
"2015","Arts, Entertainment, and Recreation","71","00","Watonwan County                 ","Total, All Ownerships                   ","27","04","000165","2","10267171    ",,47,,,,8,,,,115808,,,,189,,,,,,,999999,999999,999999,999999,999999,999999,999999,999999,999999,999999,999999,999999,999999,999999,999999,999999,999999,999999,999999,999999,999999,999999,999999,999999,999999,999999,999999,999999,999999,999999,999999,999999,999999,999999,999999,999999,999999,999999,999999,999999,999999,999999,999999,999999,999999,999999,999999,999999,999999,999999
"2015","Arts, Entertainment, and Recreation","71","00","Winona County                   ","Total, All Ownerships                   ","27","04","000169","2","10267171    ",186,274,,,20,20,,,691591,1083424,,,286,304,,,,,,,999999,999999,999999,999999,999999,999999,999999,999999,999999,999999,999999,999999,999999,999999,999999,999999,999999,999999,999999,999999,999999,999999,999999,999999,999999,999999,999999,999999,999999,999999,999999,999999,999999,999999,999999,999999,999999,999999,999999,999999,999999,999999,999999,999999,999999,999999,999999,999999,999999,999999
"2015","Arts, Entertainment, and Recreation","71","00","Wright County                   ","Total, All Ownerships                   ","27","04","000171","2","10267171    ",346,523,,,46,46,,,1202947,1557833,,,267,229,,,,,,,999999,999999,999999,999999,999999,999999,999999,999999,999999,999999,999999,999999,999999,999999,999999,999999,999999,999999,999999,999999,999999,999999,999999,999999,999999,999999,999999,999999,999999,999999,999999,999999,999999,999999,999999,999999,999999,999999,999999,999999,999999,999999,999999,999999,999999,999999,999999,999999,999999,999999
"2015","Arts, Entertainment, and Recreation","71","00","Yellow Medicine County          ","Total, All Ownerships                   ","27","04","000173","2","10267171    ",339,,,,7,,,,2305763,,,,523,,,,,,,,999999,999999,999999,999999,999999,999999,999999,999999,999999,999999,999999,999999,999999,999999,999999,999999,999999,999999,999999,999999,999999,999999,999999,999999,999999,999999,999999,999999,999999,999999,999999,999999,999999,999999,999999,999999,999999,999999,999999,999999,999999,999999,999999,999999,999999,999999,999999,999999,999999,999999
